title,price,link,image
EVGA RTX3060 12G XC Graphics Card                        ,"799,00",https://www.kijiji.ca/v-composants-de-systeme/ville-de-montreal/evga-rtx3060-12g-xc-graphics-card/1605282523,
RTX 3060 Ti Asus Rog Strix LHR- Brand New                        ,"1150,00",https://www.kijiji.ca/v-composants-de-systeme/ville-de-montreal/rtx-3060-ti-asus-rog-strix-lhr-brand-new/1605178377,
Geforce rtx 3060 36 mh/s                        ,"850,00",https://www.kijiji.ca/v-composants-de-systeme/ville-de-montreal/geforce-rtx-3060-36-mh-s/1605088982,
NEW AMD radeon rx 6600 8gb GDDR6                        ,"800,00",https://www.kijiji.ca/v-composants-de-systeme/ville-de-montreal/new-amd-radeon-rx-6600-8gb-gddr6/1605084225,
RTX 2080ti                        ,"1380,00",https://www.kijiji.ca/v-composants-de-systeme/ville-de-montreal/rtx-2080ti/1605082450,
Msi rtx 3060 ti Ventus 2x Brand New                        ,"1200,00",https://www.kijiji.ca/v-composants-de-systeme/ville-de-montreal/msi-rtx-3060-ti-ventus-2x-brand-new/1604993199,
√âchange Asus ROG Strix RTX 3060 OC 12GB pour RX 5700XT                        ,√âchange,https://www.kijiji.ca/v-composants-de-systeme/ville-de-montreal/echange-asus-rog-strix-rtx-3060-oc-12gb-pour-rx-5700xt/1604975495,
3060ti & 3070ti                        ,"1200,00",https://www.kijiji.ca/v-composants-de-systeme/ville-de-montreal/3060ti-3070ti/1604855307,
"Graphics cards available. NVIDIA RTX 30 series, AMD cards                        ","100,00",https://www.kijiji.ca/v-composants-de-systeme/ville-de-montreal/graphics-cards-available-nvidia-rtx-30-series-amd-cards/1604841013,
Zotaz 1650 low profile card                        ,"300,00",https://www.kijiji.ca/v-composants-de-systeme/ville-de-montreal/zotaz-1650-low-profile-card/1604617875,
PowerColor AMD Radeon RX 6500XT Sealed                        ,"450,00",https://www.kijiji.ca/v-composants-de-systeme/ville-de-montreal/powercolor-amd-radeon-rx-6500xt-sealed/1604607156,
MSI RTX 3060 ti 8 Gb non-LHR                        ,"1480,00",https://www.kijiji.ca/v-composants-de-systeme/ville-de-montreal/msi-rtx-3060-ti-8-gb-non-lhr/1604256006,
Asus RTX 3060 12GB                        ,"960,00",https://www.kijiji.ca/v-composants-de-systeme/ville-de-montreal/asus-rtx-3060-12gb/1604230423,
Gtx 1080 ti                         ,Surdemande,https://www.kijiji.ca/v-composants-de-systeme/ville-de-montreal/gtx-1080-ti/1603875574,
ASUS Phoenix NVIDIA GeForce RTX 3060 V2                        ,"850,00",https://www.kijiji.ca/v-composants-de-systeme/ville-de-montreal/asus-phoenix-nvidia-geforce-rtx-3060-v2/1603527910,
Buying RTX 3090 3080 3070 3060ti 2080ti AMD Your Price                         ,"3000,00",https://www.kijiji.ca/v-composants-de-systeme/ville-de-montreal/buying-rtx-3090-3080-3070-3060ti-2080ti-amd-your-price/1578896953,
GEFORCE RTX 3060                        ,"1000,00",https://www.kijiji.ca/v-composants-de-systeme/ville-de-montreal/geforce-rtx-3060/1602385068,
GEFORCE RTX 3060 EVGA 12GB  GDDR6                        ,"950,00",https://www.kijiji.ca/v-composants-de-systeme/ville-de-montreal/geforce-rtx-3060-evga-12gb-gddr6/1602088670,
MSI RTX 3070ti gaming trio GPU graphic cards  6600 3060ti 1660                        ,"1600,00",https://www.kijiji.ca/v-composants-de-systeme/ville-de-montreal/msi-rtx-3070ti-gaming-trio-gpu-graphic-cards-6600-3060ti-1660/1593529323,
TRADE***RTX 3060 TI****EVGA FTW3 ULTRA LHR ****RTX 3060 ti***SFF                        ,Surdemande,https://www.kijiji.ca/v-composants-de-systeme/ville-de-montreal/trade-rtx-3060-ti-evga-ftw3-ultra-lhr-rtx-3060-ti-sff/1599952538,
New ListingASUS Dual GeForce RTX 3060 OC 12GB V2 Graphics Card - Brand New - SHIPS FAST, 900.00,https://www.ebay.ca/itm/363725642085?_trkparms=ispr%3D1&hash=item54afbcd965:g:C7IAAOSwa01iB~Wh&amdata=enc%3AAQAGAAACkPYe5NmHp%252B2JMhMi7yxGiTJkPrKr5t53CooMSQt2orsS5%252FLJbfonbQUYd49AU1AJYxHMCHRd71fjggR1yzCyr%252BZgFvhMGAzcdQKU8mCMxN1HpgjbZwcJCc8H89T9oO1fWNhMOhif%252BWlX4L1rh4SUIzO%252FLtV%252FAHZQVD1q06KIw4mvaJNLTt2DFjPiL43vWixck0S2fw%252FvA8MuowSzAiMEwF2geEpajqiq%252FObjdbNFs%252BItzBNEn7tmVh8mY%252BU%252FQo%252BMo4sgEIvJe2j08bED%252BbF9HR4r50%252FyyjBqqIXMF082CquyhF3X37o2puE20sEgR2kY%252BEP4B3ssmBnZwcqjYhiffmEuNpf8rCMNHgm8bqiQSV7xMpO9ANIfcPyk3aJ4pV2TfFvoAd9C9uyEbtT10Hh7ihMx8RaAxoo4TfFwI%252BzMDFOkwqA%252F3E43RqfGWTTF%252FAteVmeGxWgsdCvTRaBpTiS4X3OJoskWrz0zdIlEzJO3eCjVCubLdglgOX5cHJCTB2wubcw1sREIoBczHZDDMHgc6GQeHLZ5i3p1Wa1471eUFPkZbq4YpGPdcNRvWWoBa9dWAgQbDLGR%252FqjUlAHfeoJrQm4WxkHQrdW%252BL9wEOkoTug6U%252BTCqVIF5UXhFyE4BWrE0HIt%252Bqo%252BNxVDs7VOafbOxtwVys0KNaGTEuQBgw8ctBsX0RmRVqvrVKytUmXBq1ayPL%252FM3GldSo5zuELRMHcG6%252B%252F8g8B2mba3v%252FHM0lHtpYDvPvhvEOEuk8DrlQDF%252FiJ91nI5bSXtPw1X137%252FAXCVkkYOZXVjyFKcwOd8YE2b5FfbzBHyVxkKLlwjzM%252BF%252FWr3aBmJCSTuVY%252BwdXqlllPlSza6L%252FxyOjbRSkGPXatQ%252B0HSD%7Cclp%3A2334524%7Ctkp%3ABFBM1oahkN5f,https://i.ebayimg.com/thumbs/images/g/C7IAAOSwa01iB~Wh/s-l225.jpg
New ListingMSI RTX 3060 VENTUS 3X 12G OC Gaming GeForce RTX 3060 12GB GDRR6 - SHIPS FAST, 999.99,https://www.ebay.ca/itm/363726020329?_trkparms=ispr%3D1&hash=item54afc29ee9:g:jh0AAOSwSvRiCE~O&amdata=enc%3AAQAGAAACkPYe5NmHp%252B2JMhMi7yxGiTJkPrKr5t53CooMSQt2orsS5%252FLJbfonbQUYd49AU1AJY8PkqiQXuqQcdAClU5C23hUS38JOcj14IeWoNRAduaHxcRrHqjygK73X7f%252BDB7rr26xdSWmdN1%252Fq%252BKnxC4T2HHTCUVvOzcHCvzg0F9MbNhRYPCwenTeBZB7XbzgOMqqMXOqo2vQf8HMAt4EjdZRlLyGc5Oqt9rwmYIOhQNfHyaeYjw8NgQE%252FarXCXRlfg8RqsVWsSDP5G1yIkOw1VB6fIop%252Fp1JQbhu66fOp4x4idxgPHNAMhflNBci9u39HqnQPDanBqU7pnf44mcho4U93pGnyPaAfuxvfi9pXc6W%252BsLM%252BhTgxn%252Fo1RRDM%252FLP0EPldSTrMU0vwPJnt5WlhA%252BWyYr0USMimk7mIzC1exjhFn%252FU1z0Kwvuytr0TjCuuBDlHKHHb5rfv4BUGa6xX1apOMYadhlgJ%252Bf47i%252Fmsua3Q%252B9Rz0hKtnAiwXuYydIOAnsptLH7J6sIeOlzkx5rHkjGHoo0refll6h7BMYc3eC%252FsvYJuWbqXy2j9Yhp6SvnbeNo1Doq9SydiVOSq1PowF6MseBaXqirkfzowKz6W4mX0%252FZSWgXJ4GjpquU0p%252FD3Ff533vDcKkLLYSejbHlDT%252B0gP21Oy%252BFkKoglMqx26w1Bh7uiUUyDUsCT1J%252F7YqfzPQc5aiZnM6ITIHHhNj01sMHU53tnbrap7VbWwTi0CH2FOARSfLV6AUgMnxm2pI78k1UrYQih4Adj%252FeY7fAo%252FQgXs5XAGasmrq0WHJeR%252BPDBFqqZ3dbGkvCY1rq9o%252BmFXHPp1D5Ojk2U6mlsQMeai07bx7D7MGbF%252B55hzudJpQ58LsN94hu%7Cclp%3A2334524%7Ctkp%3ABFBM1oahkN5f,https://i.ebayimg.com/thumbs/images/g/jh0AAOSwSvRiCE~O/s-l225.jpg
New ListingMSI Gaming GeForce RTX 3060 12GB GDRR6 Graphics Card VENTUS 2X - NEW SHIPS FAST, 999.99,https://www.ebay.ca/itm/363726024247?_trkparms=ispr%3D1&hash=item54afc2ae37:g:Lm4AAOSwNXpiCFFu&amdata=enc%3AAQAGAAACkPYe5NmHp%252B2JMhMi7yxGiTJkPrKr5t53CooMSQt2orsS5%252FLJbfonbQUYd49AU1AJY4ySkK%252B4EyOqYP0JxI8BPNjsZovNJ7ap8enF5BZi3zZ5wmvBM9zLoUILz%252F0qWMmEgjvsZT4RCqVIiN6O17%252FY%252FMZwJjWMl8fQwBCEGf6hv8BYDwVGFQlB1SnKX%252FFigT1ONiagx3y5j5L5vruA3d9uox%252BKssmla4XUOuaBLTejXeWZ9z3y%252Fy2irTzO1%252FQsbvHIlcElL1c55uIReK28Z1ewhGHNwFfkVh0Au4Xd7ZbM%252B2Mr5bNnptVk39rIR3ztK1xtnZNbwwlezGjIq7jO%252BNEMuNBX%252F43Qn3DmHlNlNJX64rnq%252FpWS7aQiXIYFv%252B%252Fc%252FQJ1%252F6C9oztmCYoKXoumUX6bfgfrKUhAAcbTW%252BHPTm3%252FUBeCFIdlE30kXs6AhdCpYFp2ct03pedB7JpaCTcWutV%252F4h6OpW6dxU3EoxPVg3fqU7bcV9rL0dLDKo68Q29tZyEN%252FlqorLd4tyKH%252B9Pbab%252Bswtv9dXfQwqZmdI%252B%252BM%252FWGX0rbPpgFeGO66u7fWfaFECbaEbwkXi5pxQ2bVw4y52RUkG1sWUn7RHVTxz%252BYy%252BiKPmbH7y8m1JbXtyoSMULBvXZJ1KyAG3mfLNpwMqNmLJ%252F8gvre4jDWanRCFtQElMuUKaoO7Ff2B406tjngZdVMptLNmBiKSpNXZBaRUWA7cz7UeA%252BbX2QsYttbb98A2%252FIkqdTBNNUVz78u6M03N2%252FVCfDmvZtG%252F%252Bv2JmPoLWok%252FPIXd67goiq4ORFWxbdAyDP5vP0oAOpl%252FWH87WLQDtQXyD4a%252FdTGGJKq0SuDKNcv4Ls0HtJ10EkQHEnQk4f8X6N691Fz%7Cclp%3A2334524%7Ctkp%3ABFBM1oahkN5f,https://i.ebayimg.com/thumbs/images/g/Lm4AAOSwNXpiCFFu/s-l225.jpg
ASUS TUF Gaming GeForce RTX 3060 Ti 8GB GDDR6 OC V2 LHR Graphics Card Brand NEW," 1,100.00",https://www.ebay.ca/itm/363724752056?_trkparms=ispr%3D1&hash=item54afaf44b8:g:L7AAAOSwshpiBxn4&amdata=enc%3AAQAGAAACkPYe5NmHp%252B2JMhMi7yxGiTJkPrKr5t53CooMSQt2orsS5%252FLJbfonbQUYd49AU1AJYylM318tHHwuC%252B13vgdqFsedSoTpFRyfmT8QphB6kU0%252Bb4u4GRr68WOtaGlDuPmP4hmZYhU5PObsJJX8BYojTn0X9pdup7pqGoNrWNLkoxOvVNLuh9mAXjI2PZCOpSww4gveSLTmY3YlHoThK1G%252BEQws%252BVYlTxoXw4MqU0evLC6JUeD0wlfXXDRGLEJsQAhaWw4nOLxb41AofLgM1Q0eBIHxiQOF8e6Ia2I4pbHSpb3dJgiWxLorVHG8aWbpFAbluCfk8tbRqXMQjehGu6XFj2H%252BNVlZQIGn%252BWdLwffmX6EWxoBGC5X4hfdHzV2NXVzlOARCVuwlhFDBF%252BemuPvEz%252BQwCnOPQ07Lc2JKzE7TT9yUseP3rB200QMfF4KS0pFyX6shT12ixU8URfYoLSh62%252FqoImfBGCM%252F4wmyeyrwGB1c0t2qK8DFLbvUV3JLUGyZvn32YQziA%252F1k5%252F%252BvN%252FU87FOHhC1TG6wIr0rB9GH4XbQWb216O6%252FFb0v2nysQlqjWvU1mRa0vGwY8%252BFhCncZZmBDSuoBV3HgK5obuPCLpBNPvr1FfP8tJFdCY3u9YR1cP059V6VVjAXgcavZRwH9wSqyZbjQ%252B18ZPuvm8zfls6mWZm2n4tGgCIbTygbmXXvon1qTVwCuDThiX1MPuuEFgLNAnKzwHlg3xu8cZYoS7%252B6Z9XzUkzswGYKwZT3D79%252BlwHJxJwtqkyJheeZfVahYQrZPMOoX7e0E5BjeIrRjTGuuaen%252B44mYIKOpCDNDpUJFhjvmagGWSTRZrAuaVAak3TeKnVadpDwAg%252FV8eGwq9wi5w%7Cclp%3A2334524%7Ctkp%3ABFBM2IahkN5f,https://i.ebayimg.com/thumbs/images/g/L7AAAOSwshpiBxn4/s-l225.jpg
"New ListingASUS ROG Strix NVIDIA GeForce RTX 3060 Ti V2, 8GB GDDR6 Gaming Graphics Card", 899.00,https://www.ebay.ca/itm/144410998417?epid=15049216500&hash=item219f90f691:g:AYYAAOSwbiNiCF8m,https://i.ebayimg.com/thumbs/images/g/AYYAAOSwbiNiCF8m/s-l225.jpg
"NVIDIA GeForce RTX 3060 12GB GDDR6 192-bit GPU, 1x HDMI, 3x DisplayPort. LHR"," 1,000.92",https://www.ebay.ca/itm/265287549827?epid=11051301031&hash=item3dc45ec383:g:cTkAAOSwdRdhKTCD,https://i.ebayimg.com/thumbs/images/g/cTkAAOSwdRdhKTCD/s-l225.jpg
EVGA GeForce RTX 3060 Ti XC GAMING 8GB GDDR6 Graphics Card (08G-P5-3663-KL), 890.00,https://www.ebay.ca/itm/185290101490?epid=7048188903&hash=item2b242692f2:g:V~wAAOSw2lhiBZiA,https://i.ebayimg.com/thumbs/images/g/V~wAAOSw2lhiBZiA/s-l225.jpg
EVGA GeForce RTX 3060 XC BLACK GAMING - NON LHR USED, 899.78,https://www.ebay.ca/itm/165322552360?hash=item267dfdf428:g:nXQAAOSwn8RiAVQj,https://i.ebayimg.com/thumbs/images/g/nXQAAOSwn8RiAVQj/s-l225.jpg
"EVGA GeForce RTX 3060 Ti XC GAMING, 08G-P5-3663-RL, 8GB GDDR6, Dual-Fan"," 1,030.00",https://www.ebay.ca/itm/325036145899?hash=item4bada9fceb:g:3SoAAOSwyDliAK5m,https://i.ebayimg.com/thumbs/images/g/3SoAAOSwyDliAK5m/s-l225.jpg
MSI GeForce RTX 3060 VENTUS 3X OC LHR 12 GB OC, 800.00,https://www.ebay.ca/itm/154839522469?hash=item240d279ca5:g:heYAAOSwSsBiBQNo,https://i.ebayimg.com/thumbs/images/g/heYAAOSwSsBiBQNo/s-l225.jpg
ZOTAC GAMING GeForce RTX 3060 12G Twin Edge OC Graphics Card, 849.99,https://www.ebay.ca/itm/125141328868?hash=item1d230123e4:g:0WoAAOSwJd1iBHCm,https://i.ebayimg.com/thumbs/images/g/0WoAAOSwJd1iBHCm/s-l225.jpg
New ListingBrand New - NVIDIA MSI GeForce RTX 3060 VENTUS 2X 12G OC - In Hand - Ships Fast, 920.00,https://www.ebay.ca/itm/134022995459?hash=item1f34649e03:g:c~oAAOSwUu5iCDN7,https://i.ebayimg.com/thumbs/images/g/c~oAAOSwUu5iCDN7/s-l225.jpg
ASUS ROG STRIX RTX 3060 12GB GDDR6 OC ROG-STRIX-RTX3060-O12G-V2-GAMING LHR, 975.00,https://www.ebay.ca/itm/124893640686?epid=16048605524&hash=item1d143db7ee:g:SvEAAOSws2NhOsiZ,https://i.ebayimg.com/thumbs/images/g/SvEAAOSws2NhOsiZ/s-l225.jpg
ASUS Rog STRIX NVIDIA GeForce RTX 3060 OC Edition Gaming Graphics Card 12GB NEW," 1,100.00",https://www.ebay.ca/itm/363721562510?epid=16048605524&_trkparms=ispr%3D1&hash=item54af7e998e:g:XesAAOSwj-hiBBcB&amdata=enc%3AAQAGAAACkPYe5NmHp%252B2JMhMi7yxGiTJkPrKr5t53CooMSQt2orsS5%252FLJbfonbQUYd49AU1AJYy4MCwcLSvHuFVGsG3df0i%252Fx7uPSqnDjLhmHUi4ua4AaMhnKIF0CJb0IzrcBGhd4fLPg%252BgoGT0qvg3EKgJIAYTMT4CIU6zR4pECHLMfraGJaGrccsIAJnBHIkP0EF7z2QfvOzzPhrtGqna%252FOC%252BFudOnoCa5PqGOuOs1ifRV5o5IW0nQJs0KIkj9kpKlb9Ps0SWgMnnbKnakLGLlLX68HZfIRfC0U9tfyK7FO3NYrLuh8XIEWr7mnqn7mSl4eWiBvJOQrJARsItCQMwEnbfHBv5VJipTE7373BghxmD4XQKy7oRH0uxarFnkcUbtpsO6WxUmQ5WNK5gjGo5ABISZLyUCAYK8ioJbs1oJVaX627d2SCp9A8uWljfqsHQ4xwVLbbqokQK0GNwjfIgV9aNcDWkd%252BXSor9iV3FM%252FU%252Fiv%252FYypJHhZfUSMjtuJuBdbcFRDoccrkrQqqvdt4EUGDhCxF28xJHBZAauTq6wWuaqxCf0VkYL0qVZQmKX2INzUZUbF8zpdMrspVunlGxm2Tvxv0g4DBnov39lw%252BulUpUYMUshvdytamowdelC%252F6TCSZ6EwUsasdjX7b03QyFQZkV2zft88vroHkR1NbNWrr2E5bYPFnuIEMN3n9dIa0xrxJ6qYIT4qhhfZVOU2AVr3nHk1uL9ILSAjY8%252BXkH0DAw0kuu4o8PEH6Bjj%252BTrRP%252Fp3wlFVWTEDjUmtd2PKldbJZMZ0khZCFNeIyfEDsQ3lFLUnKe%252FugwBEIXUSKVi%252FdnVkzcrZHdTuOmTqqBt2Gfz5FQrqxnGfMoORlrDQOADdNmQNpMpd0%7Cclp%3A2334524%7Ctkp%3ABFBM2IahkN5f,https://i.ebayimg.com/thumbs/images/g/XesAAOSwj-hiBBcB/s-l225.jpg
ASUS NVIDIA GeForce RTX 3060 12GB GDDR6 Graphics Card üî•‚úàÔ∏èüöÄSHIPS FAST IN HANDüöÄ, 949.99,https://www.ebay.ca/itm/185281932182?epid=25047265732&hash=item2b23a9eb96:g:VPQAAOSwjJJh~Y7O,https://i.ebayimg.com/thumbs/images/g/VPQAAOSwjJJh~Y7O/s-l225.jpg
New ListingEVGA GeForce RTX 3060 XC GAMING 12GB GDDR6 Graphics Card (12G-P5-3657-KR), 630.00,https://www.ebay.ca/itm/275164329927?epid=2315640392&hash=item40111277c7:g:e5IAAOSwgmJiBylh,https://i.ebayimg.com/thumbs/images/g/e5IAAOSwgmJiBylh/s-l225.jpg
RTX3060Ti Manli 8GB RTX 3060 Ti LHR High Quality, 862.84,https://www.ebay.ca/itm/373926282300?hash=item570fbe443c:g:oBgAAOSwReBh6HXb,https://i.ebayimg.com/thumbs/images/g/oBgAAOSwReBh6HXb/s-l225.jpg
GIGABYTE NVIDIA GeForce RTX 3060 GAMING OC 12GB GDDR6 Graphics Card, 828.32,https://www.ebay.ca/itm/203823868276?epid=6044638654&hash=item2f74d96974:g:EYQAAOSwO3dhzGGo,https://i.ebayimg.com/thumbs/images/g/EYQAAOSwO3dhzGGo/s-l225.jpg
New ListingGIGABYTE NVIDIA GeForce RTX 3060 GAMING OC 12GB GDDR6 Graphics Card BRAND NEW, 1.26,https://www.ebay.ca/itm/165331406961?epid=24044698913&hash=item267e851071:g:6UEAAOSwt5Fh4NJj,https://i.ebayimg.com/thumbs/images/g/6UEAAOSwt5Fh4NJj/s-l225.jpg
MAXSUN Graphics Card RTX 3060Ti iCraft OC 8GB GDDR6 GPU NVIDIA 256bit .," 1,002.19",https://www.ebay.ca/itm/384729571035?hash=item5993ab5edb:g:KRUAAOSwQU5iBtmo,https://i.ebayimg.com/thumbs/images/g/KRUAAOSwQU5iBtmo/s-l225.jpg
NVIDIA GeForce RTX 3060 Ti Founders Edition 8GB GDDR6 Graphics Card, 659.67,https://www.ebay.ca/itm/384729671659?hash=item5993ace7eb:g:yo0AAOSw9-9iBtsY,https://i.ebayimg.com/thumbs/images/g/yo0AAOSw9-9iBtsY/s-l225.jpg
BRAND NEW - ASUS TUF RTX 3060 V2 12GB OC LHR  Graphics Card - Ships Fast, 940.00,https://www.ebay.ca/itm/134011238235?hash=item1f33b1375b:g:a6QAAOSw4R5h35uB,https://i.ebayimg.com/thumbs/images/g/a6QAAOSw4R5h35uB/s-l225.jpg
ASUS GeForce RTX 3060 Phoenix V2 Graphics Card, 860.00,https://www.ebay.ca/itm/275156298510?hash=item401097eb0e:g:9UMAAOSwdh1h~9uy,https://i.ebayimg.com/thumbs/images/g/9UMAAOSwdh1h~9uy/s-l225.jpg
EVGA GeForce RTX 3060 XC BLACK GAMING 12GB Graphics Card GPU ‚úÖNEW ‚úÖ2 DAY SHIP! ‚úà, 950.18,https://www.ebay.ca/itm/165331314892?epid=22044889426&hash=item267e83a8cc:g:ZQgAAOSwqmZiBwzn,https://i.ebayimg.com/thumbs/images/g/ZQgAAOSwqmZiBwzn/s-l225.jpg
New ListingEVGA GeForce RTX 3060 Ti GAMING 8GB GDDR6 Video Card -NIB Sealed, 908.32,https://www.ebay.ca/itm/265546597839?epid=27048114759&hash=item3dd3cf85cf:g:BgMAAOSwUG9iBsVd,https://i.ebayimg.com/thumbs/images/g/BgMAAOSwUG9iBsVd/s-l225.jpg
NVIDIA GeForce RTX 3060 Ti Founders Edition 8GB GDDR6 Graphics Card (Non LHR), 811.07,https://www.ebay.ca/itm/255374304659?epid=23046151246&hash=item3b757ea593:g:nEkAAOSwYbJh4W~y,https://i.ebayimg.com/thumbs/images/g/nEkAAOSwYbJh4W~y/s-l225.jpg
MSI GeForce RTX 3060 VENTUS 2X 12G OC DDR6 Gaming Graphics Card -..., 558.18,https://www.ebay.ca/itm/294805099483?epid=10047115507&hash=item44a3c0d3db:g:T8QAAOSwmvhiBA8I,https://i.ebayimg.com/thumbs/images/g/T8QAAOSwmvhiBA8I/s-l225.jpg
New ListingASUS NVIDIA GeForce RTX 3060 12GB GDDR6 Graphics Card, 700.00,https://www.ebay.ca/itm/313873396937?epid=25047265732&hash=item49144ff4c9:g:tIYAAOSwEO1iB-As,https://i.ebayimg.com/thumbs/images/g/tIYAAOSwEO1iB-As/s-l225.jpg
Gigabyte GeForce RTX 3060 Vision OC 12GB GDDR6 Graphics Card Rev 2.0 Video Card, 886.75,https://www.ebay.ca/itm/353906392836?epid=14049007920&_trkparms=ispr%3D1&hash=item526676ff04:g:HNgAAOSwueNhiUGU&amdata=enc%3AAQAGAAACkPYe5NmHp%252B2JMhMi7yxGiTJkPrKr5t53CooMSQt2orsSd0ReTLyM7cxPnI6zs468EGu3OOPcIYwGCYdCCquu59MEtEz2Jgt9w29z7gtEHbzc1iiIAlI0TtbOkU%252FBlroHUcSn0JPAIyFwI%252FZUwuH6%252FUy1hDyXy18AD5bloGj7zfZ5JA8vnNC1eW%252FUZsPHV5Wc0uX6DlJ8%252Bfw1Mv1XLe7EiIFbSoPHZr55U9spQxBkCUxfM8zY3TSvQFZe6OhlrmGpjODAwW3SFbw8vmZ2Zr8oXS6oPV%252FQKha3lu5iYHuVlsQdPb%252Bd%252FAwSvbD7gLgEGq5MIe8Btb%252Bo9PyN5%252BB9h5l%252FgdirPfK9UXjioHVJK8PjGJgqKCS%252F5r0EBACTcee632NWoy1AJ8WobzO6cPWWHRVFjS%252Bq5UYV40cKe7TVfJk1rojrL%252BIiX4NoSMcB0645tHzbuXwstHjZe0qQCzLqV6qNf12vFw6dFCuyqqs9MRfKdAv6ACO60hLDkx2YO0tfL5fH39xExN0RI0ZA1p%252FGirhiOWM6i2EgfJ1XladSYM3nT6jBY7XyrigIl3LuDIXBofmptgQLPKc0t%252FCURJUUizImBrbLVV4lHdVyLIKdW22hJYcoNRM1Yd1NcpgnN0%252BFgSGOmNW8M5VsVP2grP25QVDnv8kjadg%252BaQQbOZSaynC0Ub%252BQ4E0wArxupV85nhHVRSlP9a2qdVCsTXn8gUCCxQeHEuhSfNy1TQaR2qSA%252F8cuNQRCYS2KReV4g1GQ5mU%252B6tu6ENYqMHr1fgBi9ke%252FhfeLBzrz8nKcy6r109Pe7NwhXNMQ71M7bdTpFhJ0d8yyFBMSjkYCqOt73ZOUvplOzfY2IN3kf9Meugkij8F3QvUcq0Ys%7Cclp%3A2334524%7Ctkp%3ABFBM2IahkN5f,https://i.ebayimg.com/thumbs/images/g/HNgAAOSwueNhiUGU/s-l225.jpg
ASUS Dual GeForce RTX 3060 OC V2 12GB GDDR6 GPU Video Graphics Card, 888.01,https://www.ebay.ca/itm/194820157500?epid=18050527879&_trkparms=ispr%3D1&hash=item2d5c2fb03c:g:JusAAOSwDm9hiUCR&amdata=enc%3AAQAGAAACkPYe5NmHp%252B2JMhMi7yxGiTJkPrKr5t53CooMSQt2orsSd3M8ngECaRA0SmyU4KT%252Fnln5kyw4pRYbBAXO12Pun9rBndw1UIIY9R6dLvi08GNrgSze8NK7AMZOq6KKXhdwOx2zVoGC57rG%252FBAzf1V1W3ab12WCU73s9PJXYce35Kwc4uXVdy1Gnc7SEdb6f4yB6FEcSbhiNjcs%252Fa%252FEdYMzb3S08BlK6lCF%252FUk9v78V03hmmsXxZsfcS%252B%252FEt8mqYNu6Vr5s44o8KmtzDaUzrQXpVWieQr8UOLeCBFCjMgWLu3SwjmvJnGGlYjC5NCvx0Cjo0ORReluofIS89xxSojAKpjhshLeqYvztA3bLx3FioKaorvcW5R1JtlEPQ5bYA%252FrL7Lj1EKS1VhDTSBBpFMefwSP6NJhraCrgs%252Fydv8Cwbwxa8S4%252FSO6P0tNBMLzKHKrKjXtDD7f%252FM0j70pzQAS%252FBtzAsGq%252FGshFSq3Rm1VLKZRCybpDj3sJGYquOXUnif6qLpHQhFKvNfPX4GWFwV0rAcJSo2m%252FxreK8ub1lWp7gPkC9FP0a9Xp1kusKWoJXk7Tm%252FBsAeW38IgHilDDTYodQdYc5h4bxVvy62m5gOKmwTRHf370qSIdjTQKgyDktA6OpBVrGMweHDoIcerSe0GuQT%252BgaCP5Kc7CxK2ExsIEK7ML5JY9%252BxGMbPwPCBw%252B%252FQ%252BNPd7uggENzraAKZ95nk2YoYsPSOiLbe%252BkkLqyH8I56pw2bCI8OYguHEOYff0ue17PhB8LrPOWKT3bLYQbt1LZu9dbx5y1BV54emDUmrAdP%252F0qodW9qvb0J3KQUD0dlRAcZskwNxqL916zRRvdDBodZi6wrdPGbpNW0lei33Lqc8ANG%7Cclp%3A2334524%7Ctkp%3ABFBM2IahkN5f,https://i.ebayimg.com/thumbs/images/g/JusAAOSwDm9hiUCR/s-l225.jpg
LHR Nvidia RTX 3060 12GB GDDR6 Video Card Lenovo OEM from Legion Gaming PC, 899.00,https://www.ebay.ca/itm/403451163525?hash=item5def903385:g:Kp4AAOSwmSlh5K4P,https://i.ebayimg.com/thumbs/images/g/Kp4AAOSwmSlh5K4P/s-l225.jpg
New Listingüí• NEW GIGABYTE RTX 3060 AORUS ELITE 12GB GDDR6 Video Graphics Card GPU üí•, 871.51,https://www.ebay.ca/itm/325046103628?epid=16047942932&hash=item4bae41ee4c:g:bTQAAOSwk1xiBzjy,https://i.ebayimg.com/thumbs/images/g/bTQAAOSwk1xiBzjy/s-l225.jpg
Asus Dual RTX3060 12GB, 749.00,https://www.ebay.ca/itm/373923808941?hash=item570f9886ad:g:otEAAOSwyLJiBC1c,https://i.ebayimg.com/thumbs/images/g/otEAAOSwyLJiBC1c/s-l225.jpg
EVGA GeForce RTX 3060 XC GAMING 12GB GDDR6 Graphics Card, 837.28,https://www.ebay.ca/itm/175151594696?epid=2315640392&hash=item28c7d93cc8:g:UNAAAOSw1tdiBJJy,https://i.ebayimg.com/thumbs/images/g/UNAAAOSw1tdiBJJy/s-l225.jpg
ASUS TUF NVIDIA GeForce RTX 3060 TI 8GB GDDR6 Graphics Card, 837.28,https://www.ebay.ca/itm/154836670792?epid=16049131519&hash=item240cfc1948:g:9McAAOSwD0dh9Acw,https://i.ebayimg.com/thumbs/images/g/9McAAOSwD0dh9Acw/s-l225.jpg
ASUS GeForce RTX Phoenix 3060 12GB GDDR6 Dual Auto Extreme Graphics Card - New, 909.99,https://www.ebay.ca/itm/115181218198?epid=23047706937&hash=item1ad155e996:g:rygAAOSwmBNh22vw,https://i.ebayimg.com/thumbs/images/g/rygAAOSwmBNh22vw/s-l225.jpg
New Listingüí• NEW EVGA RTX 3060 XC 12GB GDDR6 Video Graphics Card GPU 12G-P5-3657-KR üí•, 855.02,https://www.ebay.ca/itm/224834403436?epid=2315640392&hash=item34592cbc6c:g:8O8AAOSw0~JiBy-o,https://i.ebayimg.com/thumbs/images/g/8O8AAOSw0~JiBy-o/s-l225.jpg
ASUS ROG Strix GeForce RTX 3060 OC V2 12GB GDDR6 Graphics Card, 962.87,https://www.ebay.ca/itm/403447535812?epid=21050528241&hash=item5def58d8c4:g:OekAAOSwtPFhiUBm,https://i.ebayimg.com/thumbs/images/g/OekAAOSwtPFhiUBm/s-l225.jpg
GIGABYTE NVIDIA GeForce RTX 3060 GAMING OC 12GB GDDR6 Graphics Card , 981.90,https://www.ebay.ca/itm/224829274037?epid=24044698913&_trkparms=ispr%3D1&hash=item3458de77b5:g:BIIAAOSwdINiAv6B&amdata=enc%3AAQAGAAACkPYe5NmHp%252B2JMhMi7yxGiTJkPrKr5t53CooMSQt2orsSvtkx670Z0mbyfWqmxLFLYVEGrlyEScWmy94P%252BggS%252FZeKJPhe25PSdlJm6txFYwdW8HJWoRuuuYYyGKH164LDJbKzGuokmgAnux6r%252FlxR92155xr0GK2bxSWchpvEBOaIpYuUmJJu2pztcckktlRgMISbudAevEzXTG6NiTzWd1uyYeYqKEIAQPnnrmuatTESQXSvznpamH6dANDmXhjIFZu0OlsP31Y%252Bjq1j7mdIJ4wnpLgLMXCLaxUU2lTxY5wMqD%252FnTBCzbDlg85tufnd38XcViBGr89ECL8mNDuDryvcazr0f8bsrrhSxRccUc1eK1MD%252FX5huqfhU4Iu7Yta7AVUFnAyRAgZpr5NaZlrUE1zYrcPHxwBJVCTfY9gvN2Ww8oYpfAf34HdE7ZUZcAut1AwZNGKY%252F2Tc%252BxzUsxs5KqQLx153v%252Fl4KAS2JlrGCH%252F4uPBAehqcFgqwhoM1bxrPbPSKvPICTEQ2deBmqUr2Bze1liTj5uXYrszmFuvFTY%252FFkhIoUypA9VBI3gdzEXh0P0c1rKgnag9cSQwamZRZ3AOHp%252F9YMU86GbFx8NYGHjimsaFvHJ%252Bqii5AVaKvcLeoohXih8aQmsV6mWEAYu1SFttqD2IDjC2VDgPDhvraKa%252FiyL5hu%252FTQEYCOzZROW6k6eklWKy3J6%252BQx%252BhRnLiN%252BgdILrJ5u5T79vvNWX6G8NvHUETsuxWj1GUmEtHr65V4fhlll21NehsZEYa4jXf3p6UmQqW5Bm4xlhU17oWLJ6coFzBKjv1jsm8DceQwpuXEj8YFRpnr69RXofRkBXNYFJuBPmEGLDifuryF4cETqaFOK%7Cclp%3A2334524%7Ctkp%3ABFBM2IahkN5f,https://i.ebayimg.com/thumbs/images/g/BIIAAOSwdINiAv6B/s-l225.jpg
BRAND NEW - ASUS TUF RTX 3060 OC Edition 12 GB TUF-RTX3060-O12G-GAMING , 949.91,https://www.ebay.ca/itm/393889815255?_trkparms=ispr%3D1&hash=item5bb5a99ad7:g:lCcAAOSwY-9h27or&amdata=enc%3AAQAGAAACkPYe5NmHp%252B2JMhMi7yxGiTJkPrKr5t53CooMSQt2orsSU8qUIAeVPdz29zRlje3Lg1yLuPgb3AmBGz0gltyjlWAyRLedV8s4X9fm9EEf3%252BRbxZCtOgiA16OW9Q5Gs%252BLvrxVGsomURptom1jKosyBiGfSONRLDYdWJG5yXP5s7OgVa3BZAwb%252FBqCeISjNnIkSZ1kYU6vE5AUUZoONoLVfTajm96haYQZKzwkQCnco7kLNF%252FiGtEdWvOsrJI9hg7HQsZN%252FoDu%252F%252FHBxlDH1F%252Fzvmdf7pIR8ueJySGRCEKF5Y4AVpxKNk3sTVljSA7Aa53GHwRiUaW9KF%252Blm98nLOCVKJ1Nm2oWgZNXxRoo2PCrjqQ2LEhoIyLHslP%252BJB%252BMNaZs1zP9Oc9LZy8AV%252FwUPR%252BkEfB1Js68RDngalBQH2HCEWm34zMcbSK8gG52ZoeBIBeSbqYU6jGdUtXfdr%252BL%252FuI4H0hcLRssz7f53CI0RBL%252B7sNnjgqDTb5M3uAlNDIKk%252F6Ot8DH1Iejb%252FxssA94nb%252BTrxegdIk0aFwRWvpHxHdmtoZfLl0DnBmDEXBF3CwJ%252BOpIUSVHjd7CXWXONihw%252F%252BNRFZuvdFwBvCktubIespcSmH1zMsceJAtj2ezOp%252FlIKB37%252F9nEl87IgskkIp3PwllPRSqn0zptKlk%252BgfpQj%252FPsv1JyEZVfkyhLfZKYIphs22IWOHqOoru%252BSQbXFfE%252BetIXCsaDyoGEM%252BjNzb685JAtvjBOKZMHbLPzrDmaBipMUUaJ1sFjMF%252B1tGOspgKplKfS2YARCSMeRKayeTDI%252B8%252BYRommRucX0hlXlj%252FL6HjllEVewW1CRvEFtE7CFFNFmk5DPdTzBOV1A2PepTdkzR20VvgqJ%7Cclp%3A2334524%7Ctkp%3ABFBM2IahkN5f,https://i.ebayimg.com/thumbs/images/g/lCcAAOSwY-9h27or/s-l225.jpg
GIGABYTE GeForce RTX 3060 Ti GAMING OC 8GB REV 3 LHR, 786.53,https://www.ebay.ca/itm/325045462717?hash=item4bae3826bd:g:yJ8AAOSw1CRiBrwe,https://i.ebayimg.com/thumbs/images/g/yJ8AAOSw1CRiBrwe/s-l225.jpg
Gigabyte Nvidia GeForce  RTX 3060 VISION OC Rev 2.0 12GB Video Card LHR," 1,046.06",https://www.ebay.ca/itm/255280221889?hash=item3b6fe30ec1:g:P4YAAOSwTb9humou,https://i.ebayimg.com/thumbs/images/g/P4YAAOSwTb9humou/s-l225.jpg
NVIDIA EVGA GeForce RTX 3060 12GB Graphics Card GDDR6 GPU New FREE SHIP, 951.44,https://www.ebay.ca/itm/294803105375?epid=2315640392&hash=item44a3a2665f:g:puoAAOSw4Zhh-yQL,https://i.ebayimg.com/thumbs/images/g/puoAAOSw4Zhh-yQL/s-l225.jpg
MSI GeForce RTX 3060 Ti Gaming X 8G ," 1,150.00",https://www.ebay.ca/itm/304349374880?hash=item46dca2e9a0:g:7vAAAOSwEUJiAfPz,https://i.ebayimg.com/thumbs/images/g/7vAAAOSwEUJiAfPz/s-l225.jpg
*NEW* MSI GeForce RTX 3060 GAMING X TRIO 12GB GDDR6 Graphics Card TOP TIER GPU, 983.16,https://www.ebay.ca/itm/284643760987?hash=item4246171b5b:g:6mwAAOSwHuVhgjt5,https://i.ebayimg.com/thumbs/images/g/6mwAAOSwHuVhgjt5/s-l225.jpg
New ListingEVGA GeForce RTX 3060 XC Black Gaming 12GB GDDR6 Graphics Card - NEW, 887.89,https://www.ebay.ca/itm/313873608822?epid=22044889426&hash=item4914533076:g:FNsAAOSwaUhiCCCK,https://i.ebayimg.com/thumbs/images/g/FNsAAOSwaUhiCCCK/s-l225.jpg
üëÄ EVGA GeForce RTX 3060 XC BLACK 12GB GDDR6 Graphics Card v1.0 üåü, 697.73,https://www.ebay.ca/itm/325035328674?epid=22044889426&hash=item4bad9d84a2:g:EyEAAOSwNY9h~-Aw,https://i.ebayimg.com/thumbs/images/g/EyEAAOSwNY9h~-Aw/s-l225.jpg
"DELL OEM NVIDIA RTX 3060 12GB GDDR 6 (V1, 10DE2503, Unlockable LHR) "," 1,078.31",https://www.ebay.ca/itm/224832454537?hash=item34590eff89:g:nSMAAOSwlpNiBayn,https://i.ebayimg.com/thumbs/images/g/nSMAAOSwlpNiBayn/s-l225.jpg
New ListingEVGA GeForce RTX 3060 XC GAMING 12GB GDDR6 Graphics Card SEALED. 12G-P5-3655-KR, 856.30,https://www.ebay.ca/itm/134023016848?epid=2315640392&hash=item1f3464f190:g:pCoAAOSwDGJiCD0t,https://i.ebayimg.com/thumbs/images/g/pCoAAOSwDGJiCD0t/s-l225.jpg
GIGABYTE GeForce RTX 3060 EAGLE 12GB GDDR6 Graphics Card, 526.33,https://www.ebay.ca/itm/154837057576?epid=28043938451&hash=item240d020028:g:5b0AAOSwAgBiA2y1,https://i.ebayimg.com/thumbs/images/g/5b0AAOSwAgBiA2y1/s-l225.jpg
Zotac Gaming GeForce RTX 3060 AMP White edition - SEALED IN BOX - READY TO SHIP, 999.99,https://www.ebay.ca/itm/304293519882?epid=11043928736&hash=item46d94ea20a:g:B04AAOSwollh2JBA,https://i.ebayimg.com/thumbs/images/g/B04AAOSwollh2JBA/s-l225.jpg
New ListingEVGA GeForce RTX 3060 Ti FTW3 ULTRA GAMING 8GB GDDR6 Video Card (08G-P5-3667-KL)," 1,205.17",https://www.ebay.ca/itm/255383397178?epid=27048114759&hash=item3b7609633a:g:pngAAOSwjfBiCA50,https://i.ebayimg.com/thumbs/images/g/pngAAOSwjfBiCA50/s-l225.jpg
NVIDIA GeForce RTX 3060 Ti Founders Edition 8GB GDDR6 Graphics Card (NON LHR)," 1,294.26",https://www.ebay.ca/itm/234409752275?epid=23046151246&hash=item3693e8f6d3:g:DhgAAOSwjwpiACOR,https://i.ebayimg.com/thumbs/images/g/DhgAAOSwjwpiACOR/s-l225.jpg
GIGABYTE GeForce RTX 3060 AORUS ELITE OC 12GB GDDR6 Rev2.0 Graphics Card, 776.55,https://www.ebay.ca/itm/294801257213?hash=item44a38632fd:g:jaQAAOSwZwNiAT-8,https://i.ebayimg.com/thumbs/images/g/jaQAAOSwZwNiAT-8/s-l225.jpg
New ListingZOTAC GAMING GeForce RTX 3060 Graphic Card 12GB - AMP White Edition, 888.01,https://www.ebay.ca/itm/185292529907?epid=19050209494&hash=item2b244ba0f3:g:21sAAOSw3Gthyl43,https://i.ebayimg.com/thumbs/images/g/21sAAOSw3Gthyl43/s-l225.jpg
DELL OEM NVIDIA RTX 3060 Ti 8GB GDDR 6," 1,084.99",https://www.ebay.ca/itm/313867397474?hash=item4913f46962:g:zd0AAOSw-UpiAm--,https://i.ebayimg.com/thumbs/images/g/zd0AAOSw-UpiAm--/s-l225.jpg
Gigabyte GeForce RTX 3060 Vision OC 12GB GDDR6 Graphics Card White, 950.18,https://www.ebay.ca/itm/224829282014?epid=14049007920&hash=item3458de96de:g:gboAAOSw3ZBiAv-J,https://i.ebayimg.com/thumbs/images/g/gboAAOSw3ZBiAv-J/s-l225.jpg
ASUS ROG Strix GeForce RTX 3060 OC V2 12GB Graphics Card GPU ‚úàÔ∏èSHIPS FAST‚úàÔ∏è, 989.24,https://www.ebay.ca/itm/255379994107?epid=21050528241&hash=item3b75d575fb:g:OekAAOSwtPFhiUBm,https://i.ebayimg.com/thumbs/images/g/OekAAOSwtPFhiUBm/s-l225.jpg
GeForce RTX 3060 Ti FTW3 ULTRA GAMING graphics card - NIB - READY TO SHIP," 1,522.32",https://www.ebay.ca/itm/203783767381?epid=27048114759&_trkparms=ispr%3D1&hash=item2f72758555:g:lFYAAOSwEqlh2EDJ&amdata=enc%3AAQAGAAACkPYe5NmHp%252B2JMhMi7yxGiTJkPrKr5t53CooMSQt2orsSjVt3vLKCbov98Z19qhuwYwPdx1MGKmjfoY%252BJs9gBAIUEu9Kh%252BYBsRPZn77c77n%252FbkX7vjUNyhwMk1KtQI4WyUmTb4H3hvs0MVl1tmpzWy29o8i0PKU3mpJDQRlBpuP0wDH6EqiUtGH%252FBM8%252FasHG7KVyaYsS41RO4xlfsT%252Buq6oK5q2wVSo1fpMNcqA2ldgIYpxr6jhZlDQiu%252FjHEF2GvvQNR65420IpxXe4RZv5VoUtrovf%252BAopqZZiMuUEZOg4TB3dY9nIQoADqij73r5En2ViprLTAU65kidTy0FwifHMVvDFYm6SMGyc6KnwpJkXJ%252FxcVDEwvwbCGPG0fSoAHlVfZYnR%252Bkc85IM%252F%252FJpN%252F1YdE58iLx39RB%252B60nHvTcHM9Q2DzFukP66wtbXkGatleiGHFhHtEK7YKf8gJ0F1Wbs1caDsfRj54EXTSbiM9cIfB5OkJfA0ejFYwnOYqKoUAJOPYBGS%252BYzx6gKS5hWmYltyfs0OmDi%252FI6uonhFOg9xyESi8lMsqBByeOJzP2Q1y2LC1cqto8%252B7UrahyG5%252BddMzrZOzHKrQPdcmwkSJx6KO86fFmTTdD9nFs8TJN08QcPu54KFYyeQzsHfK6ROkzOjBDV5VaLB9M%252BSAm8pswOG06B4Q3utAjy4ELUsYBh12d4GEKpCMvQRxYdkggBIHkF9ivg1hzb%252Bgyj4VncokN8KaqS1yDjmd0exLm9yHIBafCcDaTHR5vCG4effbGDUMdgWNpj2YLCnBErtExj1Mw8TLoY7%252FDGCalsWirjrJVbd0TvYiIOURh0Ln%252FIyxkqYD6j9QZBot8GT1O4O4ZRottSGzGz%7Cclp%3A2334524%7Ctkp%3ABFBM2IahkN5f,https://i.ebayimg.com/thumbs/images/g/lFYAAOSwEqlh2EDJ/s-l225.jpg
Cryptocurrency Mining Rig 4-8 GPU 3060 TI ETH HIVE OS NON LHR 480 Mh/s," 6,748.95 to  21,363.21",https://www.ebay.ca/itm/265376864085?_trkparms=ispr%3D1&hash=item3dc9b19755:g:4XoAAOSweExhdv~W&amdata=enc%3AAQAGAAACkPYe5NmHp%252B2JMhMi7yxGiTJkPrKr5t53CooMSQt2orsStdebXPz4ZTXCT8FI9kPBhwlhvxGmG9bQOMR9HPtjzg3PZkDE4vZMDoXNg1GKfZY3M77ads6Z3YLEG9phjr4ycBWa%252BhqT7E9EjrFrlRbG%252B3wsalWTZfqoI2iipbWdj59mmTs%252FKoPV5fnQ1D81Bk1eKYccmt5Ch69FNjwtF1NpzApu1g92c32TQ2B4BSwUqVcHI74bGhRCL7cwXnAH4qh2lGmqpT28crTA6cNwV5ImBsxiyIUnU35YE5da8VQtUSuDGcZl8D%252FXDkjDgAZ7RMATFVaG1ZQOfT%252Fjm0zthjEsbZ7qsZlTdVxHGvVFRcpMcdNnyoXyjSdlAVVhqHYEOBeaUSI%252BkCwzApn4HMb%252F%252FFXTGKfc2NF6LzTte7W3zzL75EycYzomss8k9hGZnZ6Wy55P1bYQvJ%252BP3VH3TV1cA%252FSIbCm%252B%252F4jvkSQoJzL7pggWAbGbhRjR4C5OLOs%252BGYPDVQVDoxeWCA82%252BkdYbfAmXCTg%252FEZPdSfigs9RhAVzeWkRlV8Tu7w7MBQNXfWGXoPVClOphcnNNLeNX58l7y3QW%252BqxwgUAdX7KuSiT3P%252BH6fHVCpHznRbgkx9mHh3UKiEv8TNGQ7Y%252BCMKmyjrJ%252BrmhWYqHUWER8Ai2RUF2K7rYBMYls36M6m4iAIAQtzX0H3%252Bsvq6Wrwlr8k3Ac6JaT6bm%252Fpwp7rur9C5P18uRp06si881EdAWYGczOZpFr%252BYrkn2bef%252FRgT%252BBPza%252BoHpDDZ582txXfmXPr773AmcU36eNQ2fufJPv6FobnnGB7yH2nINtZS%252FjT5AEkSMgpVJ243jQ185dXoGCsbTNmlSTRQCLoyGRJPcO%7Cclp%3A2334524%7Ctkp%3ABFBM2IahkN5f,https://i.ebayimg.com/thumbs/images/g/4XoAAOSweExhdv~W/s-l225.jpg
NVIDIA GeForce RTX 3060 Ti Founder Edition Graphics Card (900-1G142-2520-000),"1,255",https://stockx.com/nvidia-geforce-rtx-3060-ti-graphics-card-900-1g142-2520-000,
NVIDIA GIGABYTE GeForce RTX 3060 Ti GAMING OC PRO 8GB Rev 3 LHR Graphics Card (GV-N306TGAMINGOC PRO-8GD Rev. 3),954,https://stockx.com/nvidia-gigabyte-geforce-rtx-3060-ti-gaming-oc-pro-8gb-rev-3-graphics-card-gv-n306tgamingoc-pro-8gd-rev-3,
NVIDIA EVGA GeForce RTX 3060 12GB XC Graphics Card (12G-P5-3657-KR/KB),795,https://stockx.com/nvidia-evga-geforce-rtx-3060-12gb-xc-graphics-card,
NVIDIA EVGA GeForce RTX 3060 Ti FTW3 ULTRA GAMING 8G LHR Graphics Card (08G-P5-3667-KL/KH),"1,012",https://stockx.com/nvidia-evga-geforce-rtx-3060-ti-ftw3-ultra-gaming-8g-graphics-card-08g-p5-3667-kl,
NVIDIA EVGA GeForce RTX 3060 Ti XC GAMING 8GB LHR Graphics Card (08G-P5-3663-KL),956,https://stockx.com/nvidia-evga-geforce-rtx-3060-ti-xc-gaming-8gb-graphics-card-08g-p5-3663-kl,
NVIDIA GIGABYTE AORUS GeForce RTX 3060 ELITE 12G Rev 2.0 LHR Graphics Card (GV-N3060AORUS E-12GD Rev 2.0),808,https://stockx.com/nvidia-gigabyte-aorus-geforce-rtx-3060-ti-elite-12g-rev-20-lhr-graphics-card-gv-n3060aorus-e-12gd,
NVIDIA GIGABYTE AORUS GeForce RTX 3060 Ti ELITE 8G Rev 2.0 LHR Graphics Card (GV-N306TAORUS E-8GD),937,https://stockx.com/nvidia-gigabyte-aorus-geforce-rtx-3060-ti-elite-8g-rev-20-lhr-graphics-card-gv-n306taorus-e-8gd,
NVIDIA GIGABYTE GeForce RTX 3060 GAMING OC 12G rev. 2.0 Graphics Card (GV-N3060GAMING OC-12GD),822,https://stockx.com/nvidia-gigabyte-geforce-rtx-3060-gaming-oc-12g-rev-20-gv-n3060gaming-oc-12gd,
NVIDIA ZOTAC GAMING GeForce RTX 3060 12G Twin Edge OC Graphics Card (ZT-A30600H-10M),800,https://stockx.com/nvidia-zotac-gaming-geforce-rtx-3060-12g-twin-edge-oc-graphics-card-zt-a30600h-10m,
NVIDIA ZOTAC GAMING GeForce RTX 3060 TI TWIN EDGE OC 8G LHR Graphics Card (ZT-A30610H-10MLHR),909,https://stockx.com/nvidia-zotac-gaming-geforce-rtx-3060-ti-twin-edge-oc-8g-graphics-card-zt-a30610h-10mlhr,
NVIDIA ASUS ROG STRIX Gaming GeForce RTX 3060 12GB OC V2 LHR Graphics Card (ROG-STRIX-RTX3060-O12G-V2-GAMING),864,https://stockx.com/nvidia-asus-rog-strix-gaming-geforce-rtx-3060-12gb-oc-v2-lhr-graphics-card-rog-strix-rtx3060-o12g-v2-gaming,
NVIDIA GIGABYTE GeForce RTX 3060 VISION (rev. 2.0) 12G OC LHR Graphics Card (GV-N3060VISION OC-12GD Rev2),803,https://stockx.com/nvidia-gigabyte-geforce-rtx-3060-vision-rev-20-12g-oc-lhr-graphics-card-gv-n3060vision-oc-12gd-rev2,
NVIDIA GIGABYTE Rev. 2 (LHR) GeForce RTX 3060 OC 12GB Graphics Card (GV-N3060GAMING OC-12GD Rev2.0),786,https://stockx.com/nvidia-gigabyte-rev-2-lhr-geforce-rtx-3060-oc-12gb-graphics-card-gv-n3060gaming-oc-12gd-rev20,
NVIDIA ASUS TUF Gaming GeForce RTX 3060 Ti V2 8GB OC LHR Graphics Card (TUF-RTX3060TI-O8G-V2-GAMING),986,https://stockx.com/nvidia-asus-tuf-gaming-geforce-rtx-3060-ti-v2-8gb-oc-lhr-graphics-card-tuf-rtx3060ti-o8g-gaming-v2,
NVIDIA EVGA GeForce RTX 3060 12GB XC BLACK GAMING Graphics Card (12G-P5-3655-KR),789,https://stockx.com/nvidia-evga-geforce-rtx-3060-12gb-xc-black-graphics-card,
NVIDIA MSI GeForce RTX 3060 Gaming X 12G Graphics Card,835,https://stockx.com/nvidia-msi-geforce-rtx-3060-gaming-x-12g-graphics-card,
NVIDIA GIGABYTE GeForce RTX 3060 Ti GAMING (rev. 2.0) 8G OC LHR Graphics Card (GV-N306TGAMING OC-8GD Rev2),"1,005",https://stockx.com/nvidia-gigabyte-geforce-rtx-3060-ti-gaming-rev-20-8g-oc-lhr-graphics-card-gv-n306tgaming-oc-8gd-rev2,
NVIDIA MSI GeForce RTX 3060 Gaming X Trio 12G Graphics Card,994,https://stockx.com/nvidia-msi-geforce-rtx-3060-gaming-x-trio-12g-graphics-card,
NVIDIA ZOTAC Gaming GeForce RTX 3060 AMP (ZT-A30600F-10P) White,917,https://stockx.com/nvidia-zotac-gaming-geforce-rtx-3060-amp-zt-a30600f-10p-white,
NVIDIA MSI GeForce RTX 3060 Gaming VENTUS 3X 12G Over Clock Graphics Card,859,https://stockx.com/nvidia-msi-geforce-rtx-3060-gaming-ventus-3x-12g-over-clock-graphics-card,
NVIDIA MSI GeForce RTX 3060 Ti VENTUS 2X 8G OC V1 LHR Graphics Card,975,https://stockx.com/nvidia-msi-geforce-rtx-3060-ti-ventus-2x-8g-oc-v1-lhr-graphics-card,
NVIDIA ASUS ROG STRIX Gaming GeForce RTX 3060 Ti 8GB OC V2 LHR Graphics Card (ROG-STRIX-RTX3060TI-O8G-V2-GAMING),"1,114",https://stockx.com/nvidia-asus-rog-strix-gaming-geforce-rtx-3060-ti-8gb-oc-v2-lhr-graphics-card-rog-strix-rtx3060ti-o8g-v2-gaming,
NVIDIA ASUS Dual GeForce RTX 3060 V2 OC 12GB LHR Graphics Card (DUAL-RTX3060-O12G-V2),784,https://stockx.com/nvidia-asus-dual-geforce-rtx-3060-v2-oc-12gb-lhr-graphics-card-dual-rtx3060-o12gb-v2,
NVIDIA ASUS ROG Strix GeForce RTX 3060 Ti OC 8G Graphics Card (ROG-STRIX-RTX3060TI-O8G-GAMING),"2,038",https://stockx.com/nvidia-asus-rog-strix-geforce-rtx-3060-ti-oc-8g-graphics-card-rog-strix-rtx3060ti-o8g-gaming,
NVIDIA GIGABYTE Rev. 2 (LHR) GeForce RTX 3060 12GB Graphics Card (GV-N3060AORUS E-12GD Rev2.0),812,https://stockx.com/nvidia-gigabyte-rev-2-lhr-geforce-rtx-3060-12gb-graphics-card-gv-n3060aorus-e-12gd-rev20,
NVIDIA ASUS TUF GAMING GeForce RTX 3060 OC EDITION 12GB Graphics Card (TUF-RTX3060-O12G-GAMING),827,https://stockx.com/nvidia-asus-tuf-gaming-geforce-rtx-3060-oc-edition-12gb-graphics-card-tuf-rtx3060-o12g-gaming,
NVIDIA ASUS TUF Gaming GeForce RTX 3060 V2 12GB OC LHR Graphics Card (TUF-RTX3060-O12G-V2-GAMING),807,https://stockx.com/nvidia-asus-tuf-gaming-geforce-rtx-3060-v2-12gb-oc-lhr-graphics-card-tuf-rtx3060-12g-gaming-v2,
NVIDIA MSI GeForce RTX 3060 Ti VENTUS 3X 8G OC LHR Graphics Card,956,https://stockx.com/nvidia-msi-geforce-rtx-3060-ti-ventus-3x-8g-oc-lhr-graphics-card,
NVIDIA ZOTAC GAMING GeForce RTX 3060 Ti AMP 8G LHR Graphics Card (ZT-A30610F-10PLHR) White Edition,"1,109",https://stockx.com/nvidia-zotac-gaming-geforce-rtx-3060-ti-amp-8g-lhr-graphics-card-zt-a30610f-10plhr-white-edition,
NVIDIA ASUS TUF GAMING GeForce RTX 3060 12GB Graphics Card (TUF-RTX3060-12G-GAMING),"1,655",https://stockx.com/nvidia-asus-tuf-gaming-geforce-rtx-3060-12gb-graphics-card-tuf-rtx3060-12g-gaming,
NVIDIA ASUS ROG STRIX GeForce RTX 3060 OC Edition 12GB Graphics Card (ROG-STRIX-RTX3060-O12G-GAMING),"1,473",https://stockx.com/nvidia-asus-rog-strix-geforce-rtx3060-oc-edition-12gb-graphics-card-rog-strix-rtx3060-o12g-gaming,
NVIDIA GIGABYTE GeForce RTX 3060 12G GAMING OC rev. 1.0 Graphics Card (GV-N3060GAMING OC-12GD),"1,847",https://stockx.com/nvidia-gigabyte-geforce-rtx-3060-12g-gaming-oc-graphics-card-gv-n3060gaming-oc-12gd,
NVIDIA MSI GeForce RTX 3060 Gaming VENTUS 2X 12G Over Clock Graphics Card,851,https://stockx.com/nvidia-msi-geforce-rtx-3060-gaming-ventus-2x-12g-over-clock-graphics-card,
NVIDIA EVGA GeForce RTX 3060 Ti FTW3 GAMING Graphics Card (08G-P5-3667-KB/KR) Black,"1,705",https://stockx.com/nvidia-evga-geforce-rtx-3060-ti-ftw3-gaming-graphics-card-08g-p5-3667-kb-black,
NVIDIA GIGABYTE GeForce RTX 3060 VISION OC 12G Graphics Card (GV-N3060VISION OC-12GD) White,"1,203",https://stockx.com/nvidia-gigabyte-geforce-rtx-3060-vision-oc-12g-graphics-card-gv-n3060vision-oc-12gd-white,
NVIDIA MSI GeForce RTX 3060 Ti GAMING X 8G LHR Graphics Card,"1,007",https://stockx.com/nvidia-msi-geforce-rtx-3060-ti-gaming-x-8g-lhr-graphics-card,
NVIDIA ASUS Dual GeForce RTX 3060 Ti V2 OC 8GB LHR Graphics Card (DUAL-RTX3060TI-O8G-V2),962,https://stockx.com/nvidia-asus-dual-geforce-rtx-3060-ti-v2-oc-8gb-lhr-graphics-card-dual-rtx3060ti-o8gb-v2,
NVIDIA GIGABYTE GeForce RTX 3060 Ti EAGLE 8G OC LHR (rev. 2.0) Graphics Card (GV-N306TEAGLE OC-8GD Rev2.0),"1,019",https://stockx.com/nvidia-gigabyte-geforce-rtx-3060-ti-eagle-8g-oc-lhr-rev-20-graphics-card-gv-n306teagle-oc-8gd-rev20,
NVIDIA ASUS Dual GeForce RTX 3060 12GB OC EDITION Graphics Card (DUAL-RTX3060-O12G),"1,069",https://stockx.com/nvidia-asus-dual-geforce-rtx-3060-12gb-oc-edition-graphics-card-dual-rtx3060-o12g,
NVIDIA ASUS KO GeForce RTX 3060 Ti V2 8G OC LHR Graphics Card (KO-RTX3060TI-O8G-V2-GAMING),974,https://stockx.com/nvidia-asus-ko-geforce-rtx-3060-ti-v2-8g-oc-lhr-graphics-card-ko-rtx3060ti-o8g-v2-gaming,
