title,price,link
iPhone13Prode256Go-D√©verrouill√©,"1500,00$",https://www.kijiji.ca/v-cellulaire/ville-de-montreal/iphone-13-pro-de-256-go-deverrouille/1605363107
|phone13promax128Gb/Proofofpurchase,"1250,00$",https://www.kijiji.ca/v-cellulaire/ville-de-montreal/phone-13-pro-max-128gb-proof-of-purchase/1605354034
Iphone13ProMaxBleu256GBBleu,"1900,00$",https://www.kijiji.ca/v-cellulaire/ville-de-montreal/iphone-13-pro-max-bleu-256gb-bleu/1605329010
Iphone13ProMaxBleu256GBd√©bloquer,"1700,00$",https://www.kijiji.ca/v-cellulaire/ville-de-montreal/iphone-13-pro-max-bleu-256gb-debloquer/1605329438
iPhone13256GBblue,"1100,00$",https://www.kijiji.ca/v-cellulaire/ville-de-montreal/iphone-13-256gb-blue/1605343594
AppleiPhone13ProMax-256GB-Graphite,"800,00$",https://www.kijiji.ca/v-cell-phone/canada/apple-iphone-13-pro-max-256-gb-graphite/cas_20360703
Iphone13promax128GBlack,"1500,00$",https://www.kijiji.ca/v-cellulaire/ville-de-montreal/iphone-13-pro-max-128-g-black/1605341512
iPhone13,"1000,00$",https://www.kijiji.ca/v-cellulaire/ville-de-montreal/iphone-13/1605335931
iPhone13***Sealed***,"1099,00$",https://www.kijiji.ca/v-cellulaire/ville-de-montreal/iphone-13-sealed/1605331335
iPhoneXRNoir-64GB,"370,00$",https://www.kijiji.ca/v-cellulaire/ville-de-montreal/iphone-xr-noir-64gb/1605313017
"SamsungGalaxyNote3,32GB,Original,Unlocked,13Mpix.Boite!!","99,00$",https://www.kijiji.ca/v-cellulaire/ville-de-montreal/samsung-galaxy-note-3-32gb-original-unlocked-13mpix-boite/1605312232
iPhone13ProMaxcases2for$15,"15,00$",https://www.kijiji.ca/v-cellulaire/ville-de-montreal/iphone-13-pro-max-cases-2-for-15/1605305584
"WEAREINGTATORONTO,SELLyourAppleIPad's,MacbookAir,AppleMacbookPro,AppleIMac,AppleWatches,AppleIPhones",Surdemande,https://www.kijiji.ca/v-cellulaire/grand-montreal/we-are-in-gta-toronto-sell-your-apple-ipads-macbook-air-apple-macbook-pro-apple-imac-apple-watches-apple-iphones/cas_20351475
Recherch√©:Buyingphones/‚úîiphone/samsungMacBook1213promax,"1000,00$",https://www.kijiji.ca/v-cellulaire/ville-de-montreal/buying-phones-iphone-samsung-macbook-12-13-pro-max/1605303419
iphone13Mini128gbperfectcondition,"840,00$",https://www.kijiji.ca/v-cellulaire/ville-de-montreal/iphone-13-mini-128gb-perfect-condition/1605301948
SamsungS9+64GBUnlockedGoodConditionExchangewithiPhone,"350,00$",https://www.kijiji.ca/v-cellulaire/ville-de-montreal/samsung-s9-64gb-unlocked-good-condition-exchange-with-iphone/1605287957
Applephone13ProMax512BrandNew,"1800,00$",https://www.kijiji.ca/v-cellulaire/ville-de-montreal/apple-phone-13-pro-max-512-brand-new/1605285290
iPhone13MINI128gB‚úÖBRANDNEW/NEUF!FIRMPRICE,"750,00$",https://www.kijiji.ca/v-cellulaire/ville-de-montreal/iphone-13-mini-128gb-brand-new-neuf-firm-price/1605282259
WantediPhone13promaxMacbookproNestDysonCanonBESTPRICE,"2100,00$",https://www.kijiji.ca/v-cellulaire/ville-de-montreal/wanted-iphone-13-pro-max-macbook-pro-nest-dyson-canon-best-price/1605282009
Iphone13,"950,00$",https://www.kijiji.ca/v-cellulaire/ville-de-montreal/iphone-13/1605281415
Iphone12promax,"1000,00$",https://www.kijiji.ca/v-cellulaire/ville-de-montreal/iphone-12-pro-max/1605280841
Iphone13√ÄVENDRE,"999,00$",https://www.kijiji.ca/v-cellulaire/ville-de-montreal/iphone-13-a-vendre/1605248246
IPHONE13proavendreSHIPPINGSEULEMENT‚ÄºÔ∏è‚ÄºÔ∏è,"850,00$",https://www.kijiji.ca/v-cellulaire/ville-de-montreal/iphone-13-pro-a-vendre-shipping-seulement/1605247809
iPhone11noire64Giga,"450,00$",https://www.kijiji.ca/v-cellulaire/ville-de-montreal/iphone-11-noire-64-giga/1605245968
Recherch√©:IfyouhaveBlacklistContactme,"700,00$",https://www.kijiji.ca/v-cellulaire/ville-de-montreal/if-you-have-blacklist-contact-me/1605236364
"OPPOFindNPEUM0012GB/256GB/512GB,FloatingLight/Cloud/StarryNight","1969,00$",https://www.kijiji.ca/v-cell-phone/canada/oppo-find-n-peum00-12gb-256gb-512gb-floating-light-cloud-starry-night/cas_20203456
IPHONE13MINIBRANDNEWNEVEROPENED,"800,00$",https://www.kijiji.ca/v-cellulaire/ville-de-montreal/iphone-13-mini-brand-new-never-opened/1605221714
Pixel6ProCloudyWhite128gbNEWNEUF,"1000,00$",https://www.kijiji.ca/v-cellulaire/ville-de-montreal/pixel-6-pro-cloudy-white-128gb-new-neuf/1605219417
IPHONE13PROMAX128GBUNLOCKEDSILVER/ARGENT!,"1600,00$",https://www.kijiji.ca/v-cellulaire/ville-de-montreal/iphone-13-pro-max-128gb-unlocked-silver-argent/1605194187
iPhone131000$,"1000,00$",https://www.kijiji.ca/v-cellulaire/ville-de-montreal/iphone-13-1000/1605172980
IPHONE13PRO256GHWHITELIEKNEW,"1300,00$",https://www.kijiji.ca/v-cellulaire/ville-de-montreal/iphone-13-pro-256gh-white-liek-new/1605165722
Samsungs20ultrafortrade,√âchange,https://www.kijiji.ca/v-cellulaire/ville-de-montreal/samsung-s20-ultra-for-trade/1605165516
iPhoneX128GB,"450,00$",https://www.kijiji.ca/v-cellulaire/ville-de-montreal/iphone-x-128gb/1605157999
"SamsungGalaxyS416GB,13Mpix;Boite;Unlocked,Original!!","69,00$",https://www.kijiji.ca/v-cellulaire/ville-de-montreal/samsung-galaxy-s4-16gb-13mpix-boite-unlocked-original/1605155321
iPhone13ProMAX256SEALEDBRANDNEW,"1750,00$",https://www.kijiji.ca/v-cellulaire/ville-de-montreal/iphone-13-pro-max-256-sealed-brand-new/1605150529
Iphone13promax-256gb,"1580,00$",https://www.kijiji.ca/v-cellulaire/ville-de-montreal/iphone-13-pro-max-256gb/1605102317
Iphone13promax-128gb,"1450,00$",https://www.kijiji.ca/v-cellulaire/ville-de-montreal/iphone-13-pro-max-128gb/1605103519
"iPhone13,256gigbrandnew","1000,00$",https://www.kijiji.ca/v-cellulaire/ville-de-montreal/iphone-13-256gig-brand-new/1605119739
iPhone13128gb,"850,00$",https://www.kijiji.ca/v-cellulaire/ville-de-montreal/iphone-13-128gb/1605114188
Apple iPhone 13 128GB Starlight Unlocked 'Excellent' with Apple warranty,C $979.99,https://www.ebay.ca/itm/304291040046?epid=8049288602&_trkparms=ispr%3D1&hash=item46d928cb2e:g:0HgAAOSwK4Jh6DrW&amdata=enc%3AAQAGAAACkPYe5NmHp%252B2JMhMi7yxGiTJkPrKr5t53CooMSQt2orsSzaVbXtmGxqmWnpn8RLN2q%252BAhCrycoob%252B5GO88XLRl1vF4piQWJYpJkgcULak2GdtpcypQ5kM78IbbrkXs5%252Bzstc%252ByYk4kTuLjbscRGAzRnqq5npfY0fw5lTH8v7L4hh3Z0UQ2cJXINhLQIVsZavTJS%252FoXWJgCLQZm6A%252BOpntUzmdMGxBD6MTZQVrfiQI1yQQ7IexnoSJCY3fy05aKlRP6Wkl%252F70zsETtHv6hPRmLW63tXIMDij1l%252BDH%252FlyDqtUF7%252FDXyhQ3mcDhCIwea3MWcmOoMWjz%252F%252BhJi9hxgrZYR56%252FwOmPEVb671sAFcbMha22yvL7PGxMVAs0%252Flwg4dTRuafFvs7cJHh636fy1nkxnJNYbAoAIxcl24r6XadYC%252FiWZL6vc5yK4q4IAEyM1SmJiJ18MM7a8RYPkl2b7Ptc97A7JdO6Mi5OEc%252F2Ke0Aw2ypdjPiiKlZYPldCtCgU7rpjHHOk8BZD3p7RxsbdnXr3gaPzWhxXemWrsPGUbCA2hle2GrdTmPg6%252F34yDVmUt3EEpUuaFpw1W3i8DR7cFNeDkxI7nKQa5fganr8BrG%252Brbfs5zumdp7u8Axt6Pn%252FHA1mVRGXlPxms%252B6jTCXe8gSbXhvMUL184S0LS0WN5xqzD2b0uNplyrPJphN79GC1%252BUU2cblet%252F7YWFpbusJjecXpLAJ9V01s9JLs7fvo%252F%252FbB9fwHsi9XkylL0loTS4lLYxmd%252F94oGT9ZPC5nS267Yr58rJtoZwbt2MdLEzcqb2oE5ugsYQZXON91%252B0hfeAjXZTE0u6YtweExJ2ltpY%252Bgy4MXvRlGyPwTVF%252Fb1CKArrSbzfmBc%7Cclp%3A2334524%7Ctkp%3ABFBMhJnYid5f
Apple iPhone 13 256GB Blue Unlocked 'Excellent Condition' Apple warranty,"C $1,029.99",https://www.ebay.ca/itm/304291370828?epid=14049280136&_trkparms=ispr%3D1&hash=item46d92dd74c:g:2foAAOSw0P9h10YS&amdata=enc%3AAQAGAAACkPYe5NmHp%252B2JMhMi7yxGiTJkPrKr5t53CooMSQt2orsSzaVbXtmGxqmWnpn8RLN2qysr5%252FxUL9ZvF%252Bx2Z36%252FnInZbdncdqCLE4S1iKZW7kTXXRMh%252F67CHno57LdzsKNl9TkGTEPPQcivWApXiTOdYjZhL7Qq3c1NYikjLqA4ZZv%252BBFR4RsRArfQmitBG1Iy6t29%252F2iPXwwIUV4WxU9MmPrzMICy9BPPbpueEqik0x3JVQt4cNhVNM4NPgzHKfjsEfyW0WllyFIfHST8ftcrnTlXrleFTrhCuSg%252BCbck%252BL%252FOBgLpt%252BPG4U5KueBMm%252BfG8wRMH20GAYRplTc3fBDzS324jDxpHh3BLSUeCIfh8FeEwdv%252BULUXGC61GIc2mQaUmml9Y0lOFA7Rjz3ZRfUo61AKZ%252FnZZj1LXWvIhXUjA7oFDjCqo6q8xtaEA5RSjJFuIaPO0yLMHx3XzrGSHa26QSUVsxo7NvXYwcMzKhLQ5HTdNxJYm4N%252BnVuds4hny0z6%252Bc77rwNuowYL4HPlSRLJ1r0zZZ%252Fx7hbABrGsacS7iaFlDAk1WhNvH4rELdmJdjjIzgCBfZuQFylpQoAR3adb7f%252FsDG8OdhmTgv41HWOMMt6r60U7rKCQnzqSSj%252FbFcSUXtZX61Fvde8PlAxn%252FqTEqt0YnOy4AjWuEMyrTc0NxoYrK7kPfdiQmy139EC8mXssFW9iaBxlnhvnAM0dFhGEJMuCzpPM7EE2UxGJCerDm4pFyuJWqJhITxMGFAqSXNEYp5H6dKbCdhmC9WT5uDDiX6z3IwXsMCpfG2Iw49%252FsfMHAl%252F2Fm8VdXPAK0whPi1kZR0rmCeRp%252BAzA6ioMyIZzOL28JHA8jlu4expQ7svoLDreF%7Cclp%3A2334524%7Ctkp%3ABFBMhJnYid5f
NEW* Ô£ø Apple iPhone 13 | 128GB Midnight | Unlocked Verizon AT&T T-Mobile Mint,"C $1,027.55",https://www.ebay.ca/itm/232140770642?epid=11049276145&_trkparms=ispr%3D1&hash=item360cab0d52:g:nbkAAOSwh25hwO2m&amdata=enc%3AAQAGAAACkPYe5NmHp%252B2JMhMi7yxGiTJkPrKr5t53CooMSQt2orsSRAQR8FABHjfpFoyRlXhWmeLNJqcia8gG9EiSRPDW0MbLTzZZWkFGeHCugudHchuD2npeVhLOGVvzqC%252F6Fh2kPD0esCcuwKbDnD0Nmj9LRzs0741l8z0X5yXQqOvBlo4N8apy8zoLLHSWDYxUU3UblIdVw%252BGp29T4I7Q6bbFryI9bZMJVtITcDVrJXfolU9wI69WfKjostBxoU9TyZpkJ4mGoIc%252Bja7RYZKF5uycggoVRsI1qW6tyAwkZDfZp738XSA%252BNxz0T8WJZRoLeK2amL%252BfG5RfdgnFeeaklO69ObQVijagKdWOwuKAW6D89i9Qidjm9apggP7jTQBQzEwqMvFPZVgCrdJQYTXhvUouLUaCjRXH%252BfdQbwVKO7Apn6ENl45kItERhDay8me2Nz%252FACLpENx2VK%252FT%252F4rsZVro3I7OKv7%252FRmAKJOAXYYIhtb9uvtcRdz%252Bg7epumgDkTtO1VA%252Bi27Tgx5%252FpDxOctXdAKP2PznJ%252FyR1Q3grWDyexp3oXBimWqOF3elqfY7N9CWBxclIXHsopejg6tylzannqKPTP032Q7YKstWnmLKnUFxTSk4h2R30n94QoHmfMqzusStO2IxHNWz1AlqZrCib7L%252FLeCo7IiSnuHw5kDx9DVjBFz2FXgZ47gzCuayYa3u4bALX37JkqN6GZA4%252B7i%252Fbpp9yKPn16igHwZ8EhtdN9%252FBpgGCckGaZaCRRf%252FizI%252BnN%252F3kNaZ3OUkq2hzwK43yarqAXhQ8AnHb59np%252FQBf7dF7%252F7v6ao5OhUsXv8s%252FP3trvIOKdHBEDXZd8KhwiUYqG97rfLw8dTFHanXEtrovgWkayt4B%7Cclp%3A2334524%7Ctkp%3ABFBMhJnYid5f
Apple iPhone 13 - 256GB - FACTORY UNLOCKED -  Midnight - BRAND NEW SEALED,"C $1,243.21",https://www.ebay.ca/itm/265542294228?epid=19049287637&_trkparms=ispr%3D1&hash=item3dd38ddad4:g:kMsAAOSwDvNiBEzC&amdata=enc%3AAQAGAAACkPYe5NmHp%252B2JMhMi7yxGiTJkPrKr5t53CooMSQt2orsStdebXPz4ZTXCT8FI9kPBh1%252F6x4CQ9QWIi8YqRglbNoc3nQc4LsbPHxeQuhSXbMEwp8BR1k9zM7y7ukXV7xS2Tw0Stb7JFSQAZELwgihOYn3N232uD6yaEPD3TmZ%252BnmgS0cySNKOrMqeHBgIWv9nM9ptwnsZsl9hD04eSizJrkpT%252FWe0H1JRO6Rmbod1miNgaEbi%252FUnql4HUg1RkLFsHsNG%252FuGYgsW9l4DlpztU80vIfXbpEYe6CINv1%252FlLnOL%252BWLz5V01wjGTau80RH%252B8Zm4JVnyPzjxZSGH1%252BkbugSGGEmAxQsO8hrC%252FY6qdiqieXyjVuuZrJUkWK5hbB%252FebSSCW3NRiglKkAd%252FMPhT9vfIwe1dPVukeC%252FzzAul90ZBK6Zq2WAyfyr35BDQ2G5Ngo3pwrZK%252BnfMDa4TDXlNaItUK6M%252BG%252FFebIlXIQJ3rK3Bvoatje9NeIuRClfvEXAJrfvKgfZyujSqWi9%252BpUa63Kuu%252FsHFdC1A8ZvQ2YwOZpw149Qc2rj9gr3GzyVe8ndMkPb9Qxml0tY5YLH%252FTrxgj05oe6mypn%252B%252B31D53KYb77CLUynkE%252BAmlLbRS6T7CECnuzH0RF3RBEUfEzJPKYW1I6pT%252FrCetIXq2j6DEbSVAPK6cr%252BK8wUp5mxmFOzt3BiHK6IWGHq%252FVW%252FRAXis5KISJWf5ozgHHRbA4op0Z1wDlYFdk7dN86iE7BftwjclpS8VtLQoBGa%252BUPQmt1Td8TFbSGExTcwHiXxtH9e3ZQEt83N7m3ElsgguTD4DqRVvP7SVlVtZTG5Wn0nYxdu73ky8P7HthdCxoI%252FMK7DM7mXOcTkc04bV%7Cclp%3A2334524%7Ctkp%3ABFBMhJnYid5f
Apple iPhone 13 - 128GB - Midnight (T-Mobile) - New Sealed Clean Imei,C $888.01,https://www.ebay.ca/itm/265531140910?epid=26049291091&hash=item3dd2e3ab2e:g:hAQAAOSw98ph-0bs
Apple iPhone 13 Pro 256GB Sierra Blue T-Mobile - NEW & SEALED,"C $1,351.05",https://www.ebay.ca/itm/294621205485?epid=7049287454&hash=item4498cad3ed:g:N-cAAOSwZGNhsijb
Apple iPhone 13 128GB Midnight Unlocked - NEW & SEALED,"C $1,014.87",https://www.ebay.ca/itm/294808051127?epid=3049291507&hash=item44a3edddb7:g:2PMAAOSwBmFiBsht
Apple iPhone 13 mini 128GB T-Mobile Locked Excellent Condition,C $748.41,https://www.ebay.ca/itm/294655666705?epid=7049287463&hash=item449ad8aa11:g:ocAAAOSw8zhhwkMo
Apple iPhone 13 mini 128GB GSM Unlocked AT&T T-Mobile Excellent Condition,C $799.15,https://www.ebay.ca/itm/304279411365?epid=3049291490&hash=item46d8775aa5:g:6TcAAOSwQ5xhyclj
Apple iPhone 13 mini 128GB Spectrum Locked Good Condition,C $659.61,https://www.ebay.ca/itm/304335652866?hash=item46dbd18802:g:vJgAAOSwWYlh8q~w
Apple iPhone 13 Pro 256GB Blue Gold Gray Silver AT&T Locked Very Good Condition,"C $1,167.05",https://www.ebay.ca/itm/294771218085?epid=21049288313&hash=item44a1bbd6a5:g:0oYAAOSwqkBh8VGA
Apple iPhone 13 mini 256GB Verizon Locked Excellent Condition,C $811.84,https://www.ebay.ca/itm/304273365153?epid=6049292497&hash=item46d81b18a1:g:YZgAAOSwNTRhwkNA
Apple iPhone 13 mini 128GB AT&T Locked Excellent Condition,C $716.70,https://www.ebay.ca/itm/294672834579?epid=3049291542&hash=item449bdea013:g:2WYAAOSwWAFhzHIJ
Apple iPhone 12 Unlocked 64GB 128GB 256GB | Verizon AT&T T-Mobile | Very Good,"C $1,052.91",https://www.ebay.ca/itm/403357497490?epid=13041717142&hash=item5de9faf892:g:ZikAAOSwYExhtmzO
iPhone 13 Pro Max - TMobile - 128GB - Blue - Excellent,"C $1,367.55",https://www.ebay.ca/itm/284646862600?epid=14049280195&hash=item4246466f08:g:-NMAAOSwV71iBFDn
Apple iPhone 13 Pro Max - Sierra Blue - 512GB - New - (Unlocked),"C $1,430.73",https://www.ebay.ca/itm/373922630718?hash=item570f868c3e:g:LMgAAOSwnhFiCDSS
Apple iPhone 13 - 128GB - Midnight (Unlocked) Open Box,"C $1,050.00",https://www.ebay.ca/itm/175114783772?epid=11049276145&hash=item28c5a78c1c:g:HFIAAOSwAU1hsm2-
Apple iPhone 13 mini RED 128GB Unlocked Perfect Condition Warranty December 2022,C $837.00,https://www.ebay.ca/itm/134020519740?epid=25049270760&hash=item1f343ed73c:g:ZjEAAOSwOvxiBRHa
iPhone 13 Pro 1TB Graphite GSM CDMA Factory Unlocked MLU93LL/A AppleCare+ SEALED,"C $1,268.60",https://www.ebay.ca/itm/334324005700?epid=4051432434&hash=item4dd7437b44:g:wJcAAOSwHnhhsPbE
Apple iPhone 13 Pro 128GB Graphite Unlocked - NEW & SEALED,"C $1,395.45",https://www.ebay.ca/itm/294719603078?epid=27049276479&hash=item449ea84186:g:dA0AAOSwKdRh32BM
Apple iPhone 13 PRO MAX - 256 Go - Or (D√©verrouill√©) + ACCESSOIRES ,"C $1,316.45",https://www.ebay.ca/itm/304353962630?epid=15049284936&hash=item46dce8ea86:g:HQ4AAOSws7hh-A7Y
Apple iPhone 12 Pro 128/256/512GB AT&T Sprint TMobile Unlocked Verizon Very Good,"C $824.58 to C $1,002.18",https://www.ebay.ca/itm/294362288227?epid=15041716810&_trkparms=ispr%3D1&hash=item44895c1063:g:Q3kAAOSwBIJh7v5-&amdata=enc%3AAQAGAAACkPYe5NmHp%252B2JMhMi7yxGiTJkPrKr5t53CooMSQt2orsS%252Fwocn770hnih0B3mVHNZ5DYt0QwfPw5OUZ51r83EgikK9OkTCtDIcfDdgOgQrJsZCtdy7IfvEPI6RWb67scW%252FeeH4M2jRp5FO%252BvGaXJ2by7Aw7IjweEzB2dfSxoSsnu%252FEuhY6Y7PRUst3H%252BlSrrx4mHYd8TKqPGXF9kiTbBdiH3YQ%252FVOD5sWAbq6isGw8ZRkmTXfzGCZaa%252BbNFRMVMY8rl7yO5mZ8fsecqg2NtA7yQ%252Fp%252F0MaTRzyrpkg42Et0Y6NmB%252F%252F1sfLVpMmsKd4KE0gbOMc99ucjbo4xpSkPAxIWaqqRiK%252BMm9ic%252FxvFtXa4jdCa09hd1WvpiG368jRIajEa1iy538u0GY0Eo8vuoup1wszzn5pSFYjgoOhHultj%252F3VMxSScGDNcQm9qBvIQtzrkjNsb7O%252Fqb0q9M5Qk4iCM5znUb3x7%252BtsMPxkhlMXH8aeCx4L6hQyXoBN2%252F3GgJVJVhTFUCd3xDXr55e%252Bj5QBYMLceO%252BDdDFP7%252BXWTTdTvC0iCJqfOsmpvTVsy%252F3dprwepQvd48C%252FCs86uLRrq9N7fWe3ZB3WHIKUPCsVUa6jDV68ZFf44crW9NkYGs7PW%252BwaS%252F0tp6bsLeT8KSk%252BNhnv8GRG8GjbkQ4Ny%252F7%252F42gJJ6gACcgvmWiQ18aleuSSrdTW3VjRJ3P7jyHGqT4gEsU3obdj95xcvQpBbci3IpOQtzzNcDrAamak%252BktzgutvidS6XKKjVd6AyXJQzsKXiZUrMYswEC%252F1hQc3bsAzjdmwQHSPM8o6l2lsaNN5ErH1g2nKA7qNYgOvEOUlxaFv5bjsNQ03Ry9fXcldu57PhUgPZ%252BP9%7Cclp%3A2334524%7Ctkp%3ABFBMhJnYid5f
New ListingApple iPhone 13 Pro Max - 256GB - Sierra Blue (Unlocked),"C $1,509.63",https://www.ebay.ca/itm/224834154763?epid=28049285628&_trkparms=ispr%3D1&hash=item345928f10b:g:jEcAAOSwe65iBvbI&amdata=enc%3AAQAGAAACkPYe5NmHp%252B2JMhMi7yxGiTJkPrKr5t53CooMSQt2orsSvtkx670Z0mbyfWqmxLFLYUN1h5oud67VRrE2wVxirGGfmpPtSPqXlAm2%252FxtRiq91wPbJCGB1rr4saAYZA8%252FXqx2DatQqSmTcSaj%252BncwqW1SGEX3rb7lQxA6L%252BmmxajC7ZofQns7ndJcHj97ICPKfnG%252BKkzHURo2g4ZD1ZTh7QH607R2PxP%252FlA32K9BOXuVQLZxeslRgKDXQyMgH9pM6y32U0sgd1rIWvaup2mwWupaDz1IJhADLkjushhtCxSfiDrXKXo9UO5gL5YwEYEW8IonZClqZ0j2VCl4l8vX%252FwUBcrq9%252FKNquwDI8I%252Bc2BxwkH3Km8WHUuhblhd12cxq4XcZBffsyYRB4AHMi4KXtwQZz7YNQuvBO1wihw7DdtHmplDNQAwxoOmukhC%252B7RJGCOZquIby1BSVewyf058beFOG2MH7WIXX6EgPFHJf3YfHgrm1ouiZq7YfwmFvagNtvyXhDfMpNe9Ak5KkdONi30PbQPgkNHBKM6SO0y8nQBYwjr0f7eaKpcJplGLeuCROp4dR3WXmX9WqNnFIC87X47GHT0XLMyImfS2SP%252BQyB637T64molcPN4JtjkEnyYLpB06lvpclJf8AIyMDjgAxHc%252FKsuehbq9UyK3986kbZGIGiCKOiyYAUJ%252BjeyQeFByl8GFNvRFVWV8xQ0CDWEed%252B6QmsC6KqAcUg2z%252FmedxWJc4r9JFQfT9WQtY8M7pj%252BmFeRIQzcN6Gus1iQCdbR8gN1vVhaeaKaBGwNVg7YzUiCoJms29hK5TKiihn%252BKPB%252FSFOPcS0e8%252BUL0sI1o6MOiIwkpwTPD972GyBgLnWixgII9GzF%7Cclp%3A2334524%7Ctkp%3ABFBMhJnYid5f
NEW* Ô£ø Apple iPhone 13 | 128GB Blue | Unlocked Verizon AT&T T-Mobile Mint Metro,"C $1,027.55",https://www.ebay.ca/itm/233227935792?epid=22049282568&_trkparms=ispr%3D1&hash=item364d77e030:g:v2wAAOSwAa5h1kR8&amdata=enc%3AAQAGAAACkPYe5NmHp%252B2JMhMi7yxGiTJkPrKr5t53CooMSQt2orsSRAQR8FABHjfpFoyRlXhWmcBZ8E3pyGwn2rmyIKSWvckBItJd28nLjsdYsQEoWnpyPrc%252FMT7UiqWnN1cnUwfO8JI9Wjk2e5wMn02jG8yJ7ckEe%252FIudHWcJrxP8TOgaeGyRT%252B%252Fpzhln6B7qJbDFq7uiQFzdG24CD8Ewx16UZT1SDt%252Fbv7qm1FLs1oQswiH2OySUSkCQ3NgPlWwaTJbRDLxLQn4sGFDWC9hJVFQM4VoVIKslyBA0yxoRRmypzaSbJFImscFQRxk6R4eWJvzDYQGSZwHesL5u8LPjnCgc2R1hxf8b8e4HTvJwPLQA7J1XkJDvPHm68F4JCut6flyp2YKpUJ7gThrZDXlpEhROi0WC8%252F5mhl5p75tmdmULIRn6ZuyNxoAGr3ztwACtN1cHV8x4fro4%252Btgxc8Evqqkm%252B4yUyYnAlobA%252BI1gJtnd1Q6VH5cRfG6PivXIpJbo6hJ0Z7HEcbiaOKCy%252FCFzPHNy96JglERyD2Yn5XA2etQLo6uxWvinFFbXsRYzj1lMAWUp1A9Oumjdt5O09rD8P%252Bhx6%252B%252FWj2bikMLTHSXslO2ZozHp7llHHvWqslr3P6yqsMfnqZWUysgjsSLSYPNeNIGNragGJhC7j%252FgxryrZvzcjjZYm2ixOAWSsNCRSjV%252FGqumCR9fP5eLLxVe6gb7Bvk2Gvvhj5JeVR8GYweIHVGezIJGLslq7wJfORQ0AAPhAEW%252FPxAGwqRFavtnKcgGBME8zZBWv8GFkBkOiIHWxQ5g7BFRvfWLa4NX2v6G0fRbzO5vhZau%252B1i5VEjvpz%252BZuGP3mYkeE7mzOJofl8oHdHxjS%252FErupTZ%7Cclp%3A2334524%7Ctkp%3ABFBMhJnYid5f
Iphone 13 pro max 128 gb sierra blue,"C $1,116.37",https://www.ebay.ca/itm/234415187610?hash=item36943be69a:g:EkcAAOSwqh5iARxE
New ListingBrand new original Apple iPhone 13 Pro Max - 1TB - Sierra Blue (Unlocked),"C $1,154.43",https://www.ebay.ca/itm/393926957280?epid=25049270823&hash=item5bb7e058e0:g:o1YAAOSwIIxiBcbB
New Apple iPhone 13 Pro Max - 256GB - Sierra Blue (Verizon) Factory Unlocked!!,"C $1,255.91",https://www.ebay.ca/itm/284648288966?epid=27049276493&hash=item42465c32c6:g:b-8AAOSw6k9iBZqR
Apple iPhone 13 - 128GB 256GB 512GB (UNLOCKED)  ‚úÖAPPLE WARRANTY‚úÖ ‚ö´‚ö™üî¥üîµ ‚ú§SEALED‚ú§,"C $1,191.15 to C $1,268.54",https://www.ebay.ca/itm/325007885561?hash=item4babfac4f9:g:6psAAOSwcCth6eT3
Apple iPhone 13 Pro - 256GB - Graphite (Unlocked) (CA),"C $1,500.00",https://www.ebay.ca/itm/175122282681?epid=5049289895&hash=item28c619f8b9:g:tHcAAOSwuZxh6ENg
Apple iPhone 13 Pro - 128GB - Sierra Blue (Unlocked) (CA),"C $1,250.00",https://www.ebay.ca/itm/265533536395?epid=17049280598&hash=item3dd308388b:g:J~oAAOSwDgNh~TUV
Apple iPhone 13 Pro Max - 512GB - Sierra Blue (Unlocked),"C $1,680.89",https://www.ebay.ca/itm/353904453587?epid=20049285656&hash=item52665967d3:g:mwgAAOSw71hiBX~i
Apple iPhone 13 128GB 256GB 512GB AT&T Sprint TMobile Unlocked Verizon Excellent,"C $957.78 to C $1,090.98",https://www.ebay.ca/itm/284495384482?epid=5049289600&hash=item423d3f0fa2:g:p3sAAOSwU8FhbwWU
New ListingSTILL SEALED IN BOX! Apple iPhone 13 Pro Max - 128GB - Graphite (Unlocked),"C $1,649.18",https://www.ebay.ca/itm/275164904614?epid=10049287446&hash=item40111b3ca6:g:dSsAAOSwiTphyevH
Apple iPhone 13 Pro Max 1TB Graphite FACTORY UNLOCKED Wholesale clearance,"C $1,763.35",https://www.ebay.ca/itm/265542524383?epid=4049279842&hash=item3dd3915ddf:g:PpoAAOSws1liBIJz
Apple iPhone 13 mini 128GB T-Mobile Locked Excellent Condition,C $748.41,https://www.ebay.ca/itm/294655666705?epid=7049287463&hash=item449ad8aa11:g:ocAAAOSw8zhhwkMo
Apple iPhone 13 128GB Midnight Unlocked 'Excellent' with Apple warranty,C $979.99,https://www.ebay.ca/itm/275160670848?epid=5049289956&hash=item4010daa280:g:Am0AAOSw3vxhQhsT
Apple iPhone 13 128GB Blue Unlocked 'Excellent Condition' Apple warranty,C $969.99,https://www.ebay.ca/itm/284646391305?epid=18049286543&_trkparms=ispr%3D1&hash=item42463f3e09:g:2foAAOSw0P9h10YS&amdata=enc%3AAQAGAAACkPYe5NmHp%252B2JMhMi7yxGiTJkPrKr5t53CooMSQt2orsSwcmzw5CLtzTE60FqHcnq2Ipv%252Bq%252F6ayv%252BVuzQmneVlOeMS15%252Byr51L26REBYff264G%252FqH6d4JfLsZ%252Ff1bViVFl%252FnJyTryj1DtOiOPbEvkIUFVyOMf1IYOCiK45LqUM8eJr%252Fe8h2gQDOC3lnEQhjAfetX0mLwr1FLigTs%252FH0ALG7qkB8BULnDsWMhmcmUUBFOEwVue%252BJc56gXjNSqPwhd6b3xiYdyIvrs629fHZ5%252B6YqN2iDvkxH%252Fvd8%252Bk73L7WdmsJQMarsW4L3I0ZzCh77OZnyqMm55LAI0oWaSIN5cR0QuwlQj0wDEa4%252F0yQFF7xCgLhgbgVfbRKTjBOG53wRJ99meCrYMBFGT9e%252BAAvqDrhOnZD8q3MqWhhRctFzjb7rkcpWAhJp4tVwYcUCUuISz%252BiC7JIi5QPv%252BakArDjl5UkgkaF8zKb3tTIXTWe8F9uuOZLsKhDnaCbeY1YejqxgPq40PPOFxGk2334jY25QiM%252BHifeExYFfrlwpMBkZBXzxztHv4HfSxbpnyGDvP5ycC4XyjidFJXGheN56TZwo0NZx5lSdeL%252B2A%252FDIzMXUoA7rDLq0gMyXopuMb2mkK23fmJsq%252FkNRfuAUJJq2%252BPhBBZ6creVTzTUnMDUAgvNWPr8quzr8ApYDOAF3baxFMKRFoOm78ahQK6pP2V5woChxHaLJ5l3q8FKfaacC5m8dv6r2FWleCvFBGMfaNPrRe4bDoiQZxdPQ39ZUg%252FVG0n0Qi%252Bra%252FTvDVmPheP%252Bcjn7B9z4FsaeHPUaEMlqWvoEdkVkoVnmOVPPhHBYVC2KLEwmE9fBaltxNx1C0L9VXiz1VPqQNCI%7Cclp%3A2334524%7Ctkp%3ABFBMhJnYid5f
Apple iPhone 13 MINI  5G 128GB  Blue Unlocked CLEAN ESN APPLE WARRANTY A2481,C $773.83,https://www.ebay.ca/itm/334259817444?epid=3049291490&_trkparms=ispr%3D1&hash=item4dd3700be4:g:XBQAAOSwBrxhorVc&amdata=enc%3AAQAGAAACkPYe5NmHp%252B2JMhMi7yxGiTJkPrKr5t53CooMSQt2orsSprd4IgPv6LBzlteBBg9Pez5FfrlApIwFVPhFWjxcqQM0kYo09iXZMVSdNuDFusfly49tm%252BZqZ9JMSKRBGkcZzLIDLaaJryUaEc%252FSmELnE76N00JkkvkpL7TfsAtjOGaagPqNtlJ7XwaGsDfNdBXIOVd3ESrPXU5sN2xQKe0v9Q0P5rp8WwC2XZd2gCAP408iRcnTNVeZlXL18uZPke%252BL1B4SvRdBjzT%252BcaULZNUnvlDpTSt6qeXDJjuhV5%252F9V4Es0e%252BzaVx7jo32jXiK19PoIvAyVUS8j78Z1RA8v9%252FRmiUWs20AWWkQNJ1B8cqTbszh6ARxRLOiULF3q7uwkpAKFePHqY9lkGvOwSJqv8iXIwLU39k6qRyrfROMGYGe%252F3SSyYlM3OMlrke42O4FehOxpC%252BtKcoIb1uL5kOsu2kyF2rhECYudyu%252Fg5%252B1zfSnnTVbt%252BxIuhd9D2mDeaAWQQbRVlAip%252BQZ3ISCqXk4tdGuSx90ibNgL0Knt00Jq9j82mfsU7jBMuRNRd5v8GeCXPKHgssPrWtBWELzjqMdU94sRRIbxuSBi3hNXPs8MeAUE45eG5d407ka0qvmosaEERAYaiRMo4AId0wcYBnisUiE1gm%252FAHUY2WUeLGxdeylGJC1wOYYKdDBK1WuoKxifIb2ov1GguWy5gnHCWqCYs05f3hgGbO9MfSjHdIoKPQuuE6vaG3nEThyR%252Fp837nkgAHJakY76vy8XZ%252BXaH1tTWtBZFg%252Fs%252F5OVvzvXrSrTgmNaYsMfWuSO9tvHEQpK2lVtmdCiPT5z%252F%252FMA9zvabHL8oWCsgY0%252B6RxlZBg8IVWBjEz65OLz%7Cclp%3A2334524%7Ctkp%3ABFBMhJnYid5f
Apple iPhone 13 mini 128GB GSM Unlocked AT&T T-Mobile Excellent Condition,C $799.15,https://www.ebay.ca/itm/304279411365?epid=3049291490&hash=item46d8775aa5:g:6TcAAOSwQ5xhyclj
New ListingApple iPhone 13 (MLAE3LL/A) -128GB- Blue (T-Mobile) ESN BAD! w/ Case!,C $824.58,https://www.ebay.ca/itm/185292464130?epid=20049285614&hash=item2b244aa002:g:aE4AAOSw6tNiCAZ6
Apple iPhone 13 256GB Starlight Unlocked Perfect Condition Warranty Oct 2022,C $997.00,https://www.ebay.ca/itm/133987266781?epid=26049291225&hash=item1f324370dd:g:bBgAAOSweK9h2I9l
Apple iPhone 13 512GB 5G Factory Unlocked -- NEW SEALED,"C $1,308.00",https://www.ebay.ca/itm/255310426569?epid=24049280212&hash=item3b71aff1c9:g:ZpQAAOSwoxJh0erL
Apple iPhone 13 Pro 128/256/512GB 1TB ATT Sprint TMobile Unlocked VZW Excellent,"C $1,287.62 to C $1,427.16",https://www.ebay.ca/itm/284503104716?epid=5049289870&hash=item423db4dccc:g:TGgAAOSwJOVhdru4
Apple iPhone 13 Pro 512GB Graphite Unlocked - NEW & SEALED,"C $1,776.03",https://www.ebay.ca/itm/294681262074?epid=26049291157&hash=item449c5f37fa:g:azUAAOSwBRVh0KrQ
Apple iPhone 13 Pro Max - 256GB - Sierra Blue (Unlocked),"C $1,395.46",https://www.ebay.ca/itm/194815591023?epid=27049276493&hash=item2d5bea026f:g:6mkAAOSwqZRiBXuH
New ListingApple iPhone 13 Pro Max - 128GB - Sierra Blue (Unlocked),C $882.95,https://www.ebay.ca/itm/154845015116?epid=4049279892&hash=item240d7b6c4c:g:L90AAOSwc7FiCEDI
Apple iPhone 13 Pro Max Unlock 128/256/512GB/1TB Silver/SierraBlue/Gold/Graphite,"C $1,901.63 to C $2,091.92",https://www.ebay.ca/itm/304344553426?epid=20050689397&_trkparms=ispr%3D1&hash=item46dc5957d2:g:k5gAAOSw2yhhhxRc&amdata=enc%3AAQAGAAACkPYe5NmHp%252B2JMhMi7yxGiTJkPrKr5t53CooMSQt2orsSzaVbXtmGxqmWnpn8RLN2qzwTgBBvN84QkxXIR%252FGgCCMPZkjxRtD8i3zkjndiXOjPoEPkbX421qkzD3GbeSIkIbqfXh7o0cqkEfrfs%252FMjtLgHy7PIAnqEORJP4xiJcZl%252BgKJFg2aKfNVc8eYlpGzhQBP1WENwHcOqS%252FbuPP1vbcki3mnMdJCt6h6a%252BWyrWUw%252Bby3oHcJm3e1CB2%252FX5VFjJ7QME5%252FY6PzQxOyfJXAxLzG29Hq9EcjhJdR8qM4WYZuh1ePp5IVCWsfe5OOj2c%252F85fSKhnKa427rVatnWA1%252FlX54U0UaDBtaBRLNB%252FdcaEqzKxXJXs0uswd5DS0JWChACJVoFXlub%252BSPYdxcq%252F11BKj1pGtx0cYJpVROYjfcD5yTgkG2UU5CMlSy6%252Fe7PC4TVPnub7HLPkTEiRXksD3lTdJeXDqYbheJG5weCrNWkFHjLKgMGXGKqHk9aBYA9nfPdq41CTXkPio3GR658pgUaj8lySljZWO5mkU4XFR9R1C3rVpB9gwXlvhVOKVqb6Ol8Yve1312ubm6ikCLuhDx%252FqncdBcxTQDYJibtGyJosH8LoqQMfcoq3uIVU04gbPq0F4sF9MNGlJ1u63%252Fod37oZ0HYGMcvmf2Gs8%252Fv4bG%252Be%252FpWBAIEbFEA7BpvIpnaXYYQ9Nd3waL9QY5jSnM%252BwNvxyYvecsuz%252F%252BVzbeEk1RhwZgvVWyyf0BahZdGdop7Wdy9nutSzKqSgFhDRN2JPpg0X7v5ProZKkXh23m2lkk4pedh2V93ZJNJcI6VkJnt8sRmHQBna9AsGn9Uw3Ij72AKr7l9W18Du7wChZg1sdJdoL%252B9N%7Cclp%3A2334524%7Ctkp%3ABFBMhJnYid5f
Apple iPhone 13 256GB Starlight Unlocked 'Excellent Condition' Apple warranty,"C $1,079.99",https://www.ebay.ca/itm/304291027147?epid=26049291225&_trkparms=ispr%3D1&hash=item46d92898cb:g:5qAAAOSwA~phQhsS&amdata=enc%3AAQAGAAACkPYe5NmHp%252B2JMhMi7yxGiTJkPrKr5t53CooMSQt2orsSzaVbXtmGxqmWnpn8RLN2q2k8Df0yMBLVsd7zBKsYKeSlaNJBMpvHb5ZioPXW9fhrclGbSCXpuE%252F6qNa2qYseiOblzS9gkXN5mvd5q9JOH5G5hhBUYTSm%252Fg0gh0iydpHc8kDZABzWv%252B3tHUPvp1JRaSOzKAU8RcM%252FMe%252FJUR2VjINKZySfor9AzX%252B0katHzpSzhJKVJNQCl5DGblchKnunGixW5%252Boz0B16QkaZoD3JnKJiMvTfuRAb3VKfhoCCrN8%252Bzmv1RJK0veQgtr6NFZOjECVN6VAqCEG1%252BZekGAF4jHmXX%252BxCyIJehmYIlOej29S7QHclfcBilYt2AJwaAqsIFpwhQU8MSZlOGqjWP%252FX83hzNuH%252FKWVVtHBjxVKCaOD3oxdH1BsLt%252BsiYPENrtRcoHGaS0sySjmZrcC624v%252FDEjEH%252BAtfhLCvdas0kbOo6KJ%252FVeK9vDD1qXAIGw29BldOJjZeLRVy4B0q%252BfkQjRkjabaLroGA%252BVl9WAXcLSlgR98uRZt9b%252BCcJanyoAcRPhNlGYyHKQIzDoTIX4%252BLYaxvOKm3Udt7A72O4AkYC1nXGoZ60c8yedhtx0DoHQcmQyRMSRQhN1%252Bcmm1odhpCPOA0Imh5h9cUHGSsTLiwsbcIlbddKuAYRgWy%252B5xYEoQ6AgUpSP50nim0m1dzCdCdxrR85LqDNscLTdlr65zw0P6gzhUKkRwbopcw%252FD2UOMxafXC8auKio6poIJO%252Fffzm11ISvbSC1G%252BunK5N9rRsufOeARED%252BX4H4Rh99AlhxKzWUkszQghacx3hjjIk65oHQMIBgRvrrxXzUpAjHzjfagh6KrI6%7Cclp%3A2334524%7Ctkp%3ABFBMhJnYid5f
Apple iPhone 13 Pro 128/256/512GB A2483 Unlocked Great,"C $1,230.53 to C $1,357.39",https://www.ebay.ca/itm/255326705330?epid=26049290840&hash=item3b72a856b2:g:umkAAOSwc7Nh3gun
Apple iPhone 13 - 128GB - Blue (Unlocked) - NEW - no reserved price! ,C $926.08,https://www.ebay.ca/itm/144402028181?epid=22049282568&hash=item219f081695:g:DdYAAOSwruRiAW38
Apple iPhone 13 mini - 256GB - Starlight (Unlocked),C $888.02,https://www.ebay.ca/itm/304350348181?epid=25049270768&hash=item46dcb1c395:g:M4gAAOSwtVhiAtiB
New ListingApple iPhone 13 Pro Max - 128GB - Graphite Factory Unlocked,"C $1,458.89",https://www.ebay.ca/itm/194824175829?epid=20050689397&hash=item2d5c6d00d5:g:N18AAOSwi9Vh-bW7
Apple iPhone 13 A2482 128GB Blue! Warranty! Factory Unlocked phone! 9/10!,C $996.60,https://www.ebay.ca/itm/194819945402?epid=22049282568&hash=item2d5c2c73ba:g:yGcAAOSw0xhiBuGs
New ListingAT&T Apple iPhone 13 - 128GB -  RED BRAND NEW IN BOX! NEVER OPENED,"C $1,002.18",https://www.ebay.ca/itm/384731521730?epid=13049280970&hash=item5993c922c2:g:JjQAAOSwUfdiCEBc
Apple iPhone 13 Pro Max All Capacities ATT Sprint TMobile Unlocked VZW Excellent,"C $1,776.03 to C $2,251.75",https://www.ebay.ca/itm/294493535899?epid=25049270823&hash=item44912ebe9b:g:b6QAAOSwPxNhdsXG
iPhone 13 Pro Max Graphite 256GB Unlocked w/ MANY Accessories,"C $1,680.89",https://www.ebay.ca/itm/185275783286?epid=6049292400&hash=item2b234c1876:g:qLkAAOSwVORh9vGP
iPhone 13 Rose 128 Go Garanti | d√©bloqu√© Tout Op√©rateurs,"C $1,157.32",https://www.ebay.ca/itm/115240602964?hash=item1ad4e00d54:g:6t8AAOSwWY9iAWPh
New ListingApple iPhone 13 - 128GB - Starlight (Unlocked),"C $1,040.25",https://www.ebay.ca/itm/185292676518?epid=8049288614&hash=item2b244ddda6:g:5qAAAOSwA~phQhsS
Apple iPhone 13 Pro Max All Capacities ATT Sprint TMobile Unlocked VZW Very Good,"C $1,452.53 to C $1,883.86",https://www.ebay.ca/itm/284503136338?epid=20049285656&hash=item423db55852:g:vrsAAOSwC75hdsOp
Apple iPhone 13 - 256GB (UNLOCKED) ‚úÖ APPLE WARRANTY ‚úÖ MIDNIGHT BLACK ‚ùñSEALED‚ùñ,"C $1,179.73",https://www.ebay.ca/itm/224756270143?epid=19049287637&hash=item345484843f:g:SKYAAOSwjl9h6dbf
Apple iPhone 13 (PRODUCT)RED - 128GB - (Unlocked) Verizon T-Mobile,C $886.75,https://www.ebay.ca/itm/134021983109?hash=item1f34552b85:g:fPwAAOSwQ6BiBuub
Apple iPhone 13 Pro - 128GB - Sierra Blue (Unlocked),C $932.42,https://www.ebay.ca/itm/125139874947?epid=26049290840&hash=item1d22eaf483:g:NzUAAOSwwZ1iA5Nf
Apple iPhone 13 128GB (PRODUCT)RED Verizon Unlocked - NEW & SEALED,"C $1,014.87",https://www.ebay.ca/itm/284648203087?epid=22049282595&hash=item42465ae34f:g:Ml8AAOSwaUhiBX6k
Apple iPhone 13 - 128GB A2631 - Midnight - (Unlocked) Brand New Sealed,"C $1,079.99",https://www.ebay.ca/itm/115236565534?epid=11049276145&hash=item1ad4a2721e:g:k2UAAOSwe-xh~Y9k
Apple iPhone 13 Mini 128/256/512GB ATT Sprint TMobile Unlocked Verizon Excellent,"C $773.83 to C $1,052.92",https://www.ebay.ca/itm/294477306426?epid=20049285578&hash=item4490371a3a:g:D34AAOSwWbhhbyHj
Apple iPhone 13 - 256GB (FACTORY UNLOCKED) ‚úÖ APPLE WARRANTY ‚úÖ PINK ‚ùñSEALED‚ùñ,"C $1,191.15",https://www.ebay.ca/itm/324996908974?epid=8049288706&hash=item4bab5347ae:g:TbIAAOSwrqth4g~o
NEW* Ô£ø Apple iPhone 13 Mini 128GB | Unlocked Verizon AT&T T-Mobile Cricket Metro,C $900.69,https://www.ebay.ca/itm/263765762532?epid=5049289933&_trkparms=ispr%3D1&hash=item3d69aa21e4:g:yUMAAOSwMmRh5yGO&amdata=enc%3AAQAGAAACkPYe5NmHp%252B2JMhMi7yxGiTJkPrKr5t53CooMSQt2orsStdebXPz4ZTXCT8FI9kPBh74%252Fs8efBr3mdy8GsxMBuXMTQXsRNwXRz4T6W%252BDhG6o0bsgrwCywcGm%252BpKhEM6qUDDdq7XCBMv2oRojX9WwsKqWAjJ3XYnmvClFZDe2PINOoWYWD2nub8VttHaBSDLDDBTh3lIHfnkG2UwchxPGR%252FT9Rw7wcfAZYCNPOsZC3leI2W8ifeVZ9JttOsOFhFNqBL%252B%252BWDzustfmzR5gZUa8DLqADcpYR4aoPo2TbP63ckgtS6XRvUfM0tpq2BfQY1tk19OD4mpChqFUjvKYno%252BOy3ObqYfTzsOfwJYlDKDm6CvpsRF6hfWu38c0zByHCSn3kTcMbxCHsAdRBMXVy4eqnMidiZENh6%252Beh1VEz5g1zs0baB7N%252Fpx9%252FqAAJ3Qe2ek5KvZ%252BwQVE2yHV03Y0pps0qPkyjJlsI%252BPX6CvDZTOoawEhhvfnZUBfXJAKv%252Fa3S1MAK0KPCGLe7WnbBZ7DRCLj%252BC7Pb%252FUl2SHI9RcWp9YGtxcu4joi%252F7%252FNo4Qk19cKoWvFFP%252B23nCKdL2Dk9QgagIAoHM8gqrrq7bKZQgcIsebnfjmpsG4jRncbByHyvNmd%252Fu7twhbIF2IjbC%252BIqIZ0yKJPlvUfm7BksCMAax0W7qauhhMUTmHqT6go6QKlpHtiSH4L700hpHNMG2JyAet05ZqDpsvS3zmyoVYAIhiVbgwMfQRJ6U5JMcT1R6N0cODf8wvdE9PEWCW7jcAyaRjRCZLZo2YlGqhG8dNTUYzH7EpHYHjPHgu6Q1XXHDgsuUy3ZDE7Y9i5brYJGcD1A4JafI%252B1HttwZMQGTiysDuhQwLO9J%252Bf3%7Cclp%3A2334524%7Ctkp%3ABFBMhJnYid5f
Apple iPhone 13 Pro 5G 128GB Sierra Blue T-Mobile CLEAN ESN APPLE WARRANTY A2483,"C $1,192.47",https://www.ebay.ca/itm/325029509705?epid=25049270808&_trkparms=ispr%3D1&hash=item4bad44ba49:g:Q2kAAOSww35hoBU9&amdata=enc%3AAQAGAAACkPYe5NmHp%252B2JMhMi7yxGiTJkPrKr5t53CooMSQt2orsSvhAqMt0wg86xg8aAkgjQJM4H8QKR%252BinGpTJ7EmHXmyohI%252FEZJqrQaHhQGve%252FcTP0vLGyAso3CQd65sXI1a0SW5ss4%252FGMGLfUDB61ReoQDWaLrzaNN%252B1OvWCkIeEmRDlxcrqBMmwKJcXacQDcrHAlrPeqWVaddnLiGWU47GQYVPa3aUTvG5dko7J0n%252FSONbj0UFCc3TNFWxMW90GYUVPEn3EhKZZBIykO5SRUKk4eOYaQwdY1S%252FqW0aLLVItZ0LzvmsFUi1UZpx%252Fbhe3HxwNfTPQoQ5yjdwf2mrO59ydIm4yqmH6zguG9Ci1aeMhJy9CpHz79byzHlp8S3LBrcr7%252Fqz9oV7goneswnlgCTuq0JVeDP3%252F2kww9q6d66b5N5cp7TTyE4coKy3CjNacmwxs2breO3P0K25QDEVsztfYznZmLOYEPSxsIStbBO0Auxo%252BXJGr%252F1lwM1riS3vukj2qbueWI011lpZT8kZxvmKL5v6fwwlEyeUVuMSCRK6%252BjXudWaZrlFbD%252Bv0kPtmFCLc%252FjrPU42qviC79DVrYbRzcB8LV3BAA8RydHZezj%252BDrwMQfqQFN8ZsvDqF3SWTeCwBGyCXoZduK%252F8tH3EepYTNH83suWLGHSgkA%252FZoF%252Fk%252BpbeFamvTx8rX38BEHQEZcbZ6W0IjL%252FVcCkvYjxyWhJ0Z8uXhpmOEk2xiV2xC98FZ5Iauz2dbdqOKosPzBY%252B0grXguF6SVmxy0nreGxkZXP4xSVIecA0qCc7puBKcMLRho%252FoYTyL8bxQFESUdM%252BFfA%252Ba0YoKl%252BhugHGlCpePPxacy8DjxamdEFUGkr2l4Cdq1VBIFNt%7Cclp%3A2334524%7Ctkp%3ABFBMhJnYid5f
Apple iPhone 13 Pro Max A2484 (US Unlocked) Gold,"CA$1,401",https://stockx.com/apple-iphone-13-pro-max-a2484-us-unlocked-gold
Apple iPhone 13 Pro Max A2484 (US Unlocked) Graphite,"CA$1,338",https://stockx.com/apple-iphone-13-pro-max-a2484-us-unlocked-graphite
Apple iPhone 13 Pro Max A2484 (US Unlocked) Sierra Blue,"CA$1,308",https://stockx.com/apple-iphone-13-pro-max-a2484-us-unlocked-sierra-blue
Apple iPhone 13 Pro A2483 (US Unlocked) Sierra Blue,"CA$1,401",https://stockx.com/apple-iphone-13-pro-a2483-us-unlocked-sierra-blue
Apple iPhone 13 A2482 (US Unlocked) Midnight,"CA$1,115",https://stockx.com/apple-iphone-13-a2482-us-unlocked-midnight
Apple iPhone 13 Mini A2481 (US Unlocked) Midnight,"CA$1,158",https://stockx.com/apple-iphone-13-mini-a2481-us-unlocked-midnight
Apple iPhone 13 Mini A2481 (US Unlocked) Pink,"CA$1,165",https://stockx.com/apple-iphone-13-mini-a2481-us-unlocked-pink
Apple iPhone 13 Pro A2483 (US Unlocked) Graphite,"CA$1,778",https://stockx.com/apple-iphone-13-pro-a2483-us-unlocked-graphite
Apple iPhone 13 Pro A2483 (US Unlocked) Gold,"CA$1,631",https://stockx.com/apple-iphone-13-pro-a2483-us-unlocked-gold
Apple iPhone 13 Pro Max A2484 (US Unlocked) Silver,"CA$1,338",https://stockx.com/apple-iphone-13-pro-max-a2484-us-unlocked-silver
Apple iPhone 13 Pro A2483 (US Unlocked) Silver,"CA$1,401",https://stockx.com/apple-iphone-13-pro-a2483-us-unlocked-silver
Apple iPhone 13 A2482 (US Unlocked) Starlight,"CA$1,042",https://stockx.com/apple-iphone-13-a2482-us-unlocked-starlight
Apple iPhone 13 A2482 (US Unlocked) Pink,"CA$1,184",https://stockx.com/apple-iphone-13-a2482-us-unlocked-pink
Apple iPhone 13 A2482 (US Unlocked) Blue,"CA$1,115",https://stockx.com/apple-iphone-13-a2482-us-unlocked-blue
Apple iPhone 13 A2482 (US Unlocked) (PRODUCT) Red,"CA$1,207",https://stockx.com/apple-iphone-13-a2482-us-unlocked-product-red
Apple iPhone 13 Mini A2481 (US Unlocked) (PRODUCT) Red,"CA$1,213",https://stockx.com/apple-iphone-13-mini-a2481-us-unlocked-product-red
Apple iPhone 13 Mini A2481 (US Unlocked) Blue,"CA$1,149",https://stockx.com/apple-iphone-13-mini-a2481-us-unlocked-blue
Apple iPhone 13 Mini A2481 (US Unlocked) Starlight,"CA$1,083",https://stockx.com/apple-iphone-13-mini-a2481-us-unlocked-starlight
Apple iPhone 12 Mini A2176 Black,CA$572,https://stockx.com/apple-iphone-12-mini-black
Apple iPhone 12 Pro Max A2342 Graphite,"CA$1,274",https://stockx.com/apple-iphone-12-pro-max-graphite
Apple iPhone 12 Pro Max A2342 Pacific Blue,"CA$1,045",https://stockx.com/apple-iphone-12-pro-max-pacific-blue
Apple iPhone 12 Pro Max A2342 Gold,"CA$1,274",https://stockx.com/apple-iphone-12-pro-max-gold
Apple iPhone 12 Pro Max A2342 Silver,"CA$2,737",https://stockx.com/apple-iphone-12-pro-max-silver
Apple iPhone 12 Mini A2176 White,CA$892,https://stockx.com/apple-iphone-12-mini-white
Apple iPhone 12 Mini A2176 (PRODUCT)RED,"CA$1,716",https://stockx.com/apple-iphone-12-mini-product-red
Apple iPhone 12 Mini A2176 Blue,CA$991,https://stockx.com/apple-iphone-12-mini-blue
Apple iPhone 12 Mini A2176 Green,"CA$1,529",https://stockx.com/apple-iphone-12-mini-green
BAPE Sta Camo iPhone 13 Pro Case Multi,CA$99,https://stockx.com/bape-sta-camo-iphone-13-pro-case-multi
BAPE Sta Camo iPhone 13 Pro Max Case Pink,CA$99,https://stockx.com/bape-sta-camo-iphone-13-pro-max-case-pink
BAPE Tape Logo iPhone 13 Pro Max Case Clear,--,https://stockx.com/bape-tape-logo-iphone-13-pro-max-case-clear
BAPE Sta Camo iPhone 13 Mini Case Pink,CA$143,https://stockx.com/bape-sta-camo-iphone-13-mini-case-pink
BAPE Sta Pattern iPhone 13 Pro Max Case Clear,CA$92,https://stockx.com/bape-sta-pattern-iphone-13-pro-max-case-clear
BAPE Neon Camo iPhone 13 Pro Max Case Clear,CA$125,https://stockx.com/bape-neon-camo-iphone-13-pro-max-case-clear
BAPE ABC Camo Daruma iPhone 13 Pro Max Case White,CA$99,https://stockx.com/bape-abc-camo-daruma-iphone-13-pro-max-case-white
BAPE Sta Pattern iPhone 13 Pro Case Clear,CA$91,https://stockx.com/bape-sta-pattern-iphone-13-pro-case-clear
BAPE Tape Logo iPhone 13 Pro Case Clear,--,https://stockx.com/bape-tape-logo-iphone-13-pro-case-clear
BAPE Neon Camo iPhone 13 Case Clear,CA$143,https://stockx.com/bape-neon-camo-iphone-13-case-clear
BAPE Sta Camo iPhone 13 Pro Max Case Multi,CA$100,https://stockx.com/bape-sta-camo-iphone-13-pro-max-case-multi
BAPE Sta Camo iPhone 13 Pro Case Pink,CA$125,https://stockx.com/bape-sta-camo-iphone-13-pro-case-pink
BAPE Sta Pattern iPhone 13 Case Clear,CA$91,https://stockx.com/bape-sta-pattern-iphone-13-case-clear
